,x,Admin,A_shk_c,A_shk,A_pool_shk,A_pool_exp,A_exp_add,A_exp_rem,A_exp,Ecap,Access
0,0,0.0,0.0,0.0,0.0,0.0,0.0,0.0,0.0,1.0,1.0
1,1,0.0025,0.0025,0.0025,0.0025,0.0,0.0,0.0,0.0,0.9177038677713583,0.9140769126544127
2,2,0.005,0.0025,0.0025,0.005,0.0,0.0,0.0,0.0,0.9638546494387034,0.9570666864255896
3,3,0.01,0.0025,0.0025,0.0075,0.0025,0.0025,0.0,1.0,0.9724792048294781,0.9588037908383104
4,4,0.0125,0.0025,0.0025,0.01,0.0025,0.0,0.0,0.0,0.8847185180532936,0.8684666617572543
5,5,0.0125,0.0,0.0,0.01,0.0025,0.0,0.0,0.0,1.0132242447740232,0.994611799701704
6,6,0.02,0.0025,0.0025,0.0125,0.0075,0.005,0.0,2.0,0.9324834079195096,0.9082364487244939
7,7,0.02,0.0,0.0,0.0125,0.0075,0.0,0.0,0.0,1.014335962889896,0.9879606274218883
8,8,0.0225,0.0025,0.0025,0.015,0.0075,0.0,0.0,0.0,0.8971640359648154,0.8694155193285524
9,9,0.025,0.0025,0.0025,0.0175,0.0075,0.0,0.0,0.0,0.9644962180288332,0.9305084428047412
10,10,0.0275,0.0025,0.0025,0.02,0.0075,0.0,0.0,0.0,0.8886996715339522,0.8534725215646883
11,11,0.03,0.0,0.0,0.02,0.01,0.0025,0.0,1.0,1.0198516721146538,0.9810146545981894
12,12,0.0375,0.0025,0.0025,0.0225,0.015,0.005,0.0,2.0,0.9178108259811824,0.8794355115342836
13,13,0.04,0.0,0.0,0.0225,0.0175,0.0025,0.0,1.0,1.0384968171648896,0.9942648812160554
14,14,0.045,0.0025,0.0025,0.025,0.02,0.0025,0.0,1.0,0.9863329287651392,0.9411960699688118
15,15,0.0525,0.0025,0.0025,0.0275,0.025,0.005,0.0,2.0,0.8947413148394234,0.8444781532365537
16,16,0.055,0.0,0.0,0.0275,0.0275,0.0025,0.0,1.0,1.0281319920811536,0.9678240438042146
17,17,0.0575,0.0,0.0,0.0275,0.03,0.0025,0.0,1.0,1.026770421477618,0.9655881793690956
18,18,0.0625,0.0,0.0,0.0275,0.035,0.005,0.0,2.0,1.014642535369811,0.948254941160677
19,19,0.065,0.0,0.0,0.0275,0.0375,0.0025,0.0,1.0,1.0337557548102376,0.9667441766769003
20,20,0.07,0.0025,0.0025,0.03,0.04,0.0025,0.0,1.0,1.0010452819041882,0.9333825731103254
21,21,0.0725,0.0,0.0,0.03,0.0425,0.0025,0.0,1.0,1.013880733667812,0.9459443041048006
22,22,0.075,0.0,0.0,0.03,0.045,0.0025,0.0,1.0,1.0239207593246165,0.9534592864755878
23,23,0.075,0.0,0.0,0.03,0.045,0.0,0.0,0.0,1.0416879399303978,0.97000381220065
24,24,0.0775,0.0,0.0,0.03,0.0475,0.0025,0.0,1.0,1.022185827338105,0.9516135389562634
25,25,0.08,0.0,0.0,0.03,0.05,0.0025,0.0,1.0,1.0703239370018702,0.9978944564804738
26,26,0.085,0.0,0.0,0.03,0.055,0.005,0.0,2.0,1.0365647631244115,0.9675970029231313
27,27,0.085,0.0,0.0,0.03,0.055,0.0,0.0,0.0,1.0390387254300066,0.9699063603288599
28,28,0.0875,0.0,0.0,0.03,0.0575,0.005,0.0025,1.9975,1.0496628412946776,0.9804161321002395
29,29,0.09,0.0,0.0,0.03,0.06,0.0025,0.0,1.0,1.0623970148968431,0.9920461151423398
30,30,0.09,0.0,0.0,0.03,0.06,0.0,0.0,0.0,1.0494450978055054,0.9799518614368596
31,31,0.095,0.0025,0.0025,0.0325,0.0625,0.0025,0.0,1.0,0.935551602263354,0.8723565494387071
32,32,0.095,0.0,0.0,0.0325,0.0625,0.0,0.0,0.0,1.0633713813811256,0.9915423016638515
33,33,0.0975,0.0,0.0,0.0325,0.065,0.0025,0.0,1.0,1.0516898610276955,0.9829412124698179
34,34,0.0975,0.0,0.0,0.0325,0.065,0.0,0.0,0.0,1.0450522452580469,0.9767374956381735
35,35,0.1,0.0,0.0,0.0325,0.0675,0.0025,0.0,1.0,1.0165009165778662,0.9506105328744723
36,36,0.1,0.0,0.0,0.0325,0.0675,0.0,0.0,0.0,1.0358542572495169,0.9687093748811432
37,37,0.115,0.0025,0.0025,0.035,0.08,0.0125,0.0,5.0,0.9026955604952596,0.8478681270621901
38,38,0.115,0.0,0.0,0.035,0.08,0.0,0.0,0.0,1.0082714764348066,0.9470316302718738
39,39,0.12,0.0025,0.0025,0.0375,0.0825,0.0025,0.0,1.0,0.94840805194691,0.8934123045161808
40,40,0.125,0.0,0.0,0.0375,0.0875,0.005,0.0,2.0,1.052153053179377,0.9940490498916414
41,41,0.13,0.0025,0.0025,0.04,0.09,0.0025,0.0,1.0,0.9172623391943151,0.8691548942264389
42,42,0.1325,0.0,0.0,0.04,0.0925,0.0025,0.0,1.0,1.0517534950064036,0.9980582661000471
43,43,0.1375,0.0025,0.0025,0.0425,0.095,0.0025,0.0,1.0,0.8927719182951606,0.8458524714587025
44,44,0.145,0.0025,0.0025,0.045,0.1,0.005,0.0,2.0,0.6531562831609087,0.6209906665951661
45,45,0.1475,0.0025,0.0025,0.0475,0.1,0.0025,0.0025,0.9975,0.8573970908734109,0.8133948734982932
46,46,0.1475,0.0,0.0,0.0475,0.1,0.0,0.0,0.0,1.050582305801465,0.9966656883060206
47,47,0.1525,0.0,0.0,0.0475,0.105,0.005,0.0,2.0,1.0246331028547624,0.9766810018276576
48,48,0.155,0.0025,0.0025,0.05,0.105,0.0,0.0,0.0,0.9007615266851993,0.8582890395798017
49,49,0.16,0.0025,0.0025,0.0525,0.1075,0.0025,0.0,1.0,0.9985632099799031,0.9516361212574153
50,50,0.1625,0.0025,0.0025,0.055,0.1075,0.0,0.0,0.0,0.9919049959556312,0.9466735037332885
51,51,0.165,0.0025,0.0025,0.0575,0.1075,0.0,0.0,0.0,0.8515166885248269,0.8138769520248832
52,52,0.165,0.0,0.0,0.0575,0.1075,0.0,0.0,0.0,1.033725034928336,0.9880311120112126
53,53,0.165,0.0,0.0,0.0575,0.1075,0.0,0.0,0.0,1.0032768578064744,0.9589288408230983
54,54,0.165,0.0,0.0,0.0575,0.1075,0.0,0.0,0.0,1.0013330680587682,0.9570709727430482
55,55,0.1725,0.0025,0.0025,0.06,0.1125,0.005,0.0,2.0,0.9957567911514315,0.9559367118962752
56,56,0.17,0.0,0.0,0.0575,0.1125,0.0,0.0025,-0.0025,1.0317083782521006,0.9908388008789947
57,57,0.175,0.0025,0.0025,0.06,0.115,0.0025,0.0,1.0,0.9481469679732555,0.9132731435985196
58,58,0.18,0.0025,0.0025,0.0625,0.1175,0.0025,0.0,1.0,0.9375769844510381,0.907462359769429
59,59,0.185,0.0,0.0,0.0625,0.1225,0.005,0.0,2.0,1.0064540155527755,0.9770200772737916
60,60,0.1875,0.0,0.0,0.0625,0.125,0.0025,0.0,1.0,1.0002362852239786,0.971509206897814
61,61,0.1875,0.0,0.0,0.0625,0.125,0.0025,0.0025,0.9975,1.0176272803501858,0.9902698508802037
62,62,0.1925,0.0025,0.0025,0.065,0.1275,0.0025,0.0,1.0,0.9572255131110513,0.9342709086011893
63,63,0.1975,0.0025,0.0025,0.0675,0.13,0.0025,0.0,1.0,0.8686919454353361,0.8528313600241593
64,64,0.2,0.0,0.0,0.0675,0.1325,0.0025,0.0,1.0,1.0137175617068903,0.9957520462671868
65,65,0.2,0.0025,0.0025,0.07,0.13,0.0,0.0025,-0.0025,0.9072841364594965,0.8903536866191056
66,66,0.205,0.0025,0.0025,0.0725,0.1325,0.0025,0.0,1.0,0.9936873869621793,0.9790126487703296
67,67,0.2075,0.0025,0.0025,0.075,0.1325,0.0,0.0,0.0,0.9795562741178417,0.9656137332729418
68,68,0.22,0.0025,0.0025,0.0775,0.1425,0.01,0.0,4.0,0.9842836944351333,0.9814229850039162
69,69,0.225,0.0025,0.0025,0.08,0.145,0.0025,0.0,1.0,0.988142576955217,0.9911765229730737
70,70,0.23,0.0025,0.0025,0.0825,0.1475,0.0025,0.0,1.0,0.9832352961126151,0.9912255197057589
71,71,0.2325,0.0025,0.0025,0.085,0.1475,0.0,0.0,0.0,0.8552978193864251,0.8652798023956059
72,72,0.24,0.0025,0.0025,0.0875,0.1525,0.005,0.0,2.0,0.9541753144524424,0.9736588865689448
73,73,0.245,0.0025,0.0025,0.09,0.155,0.0025,0.0,1.0,0.8073458858477919,0.8280561290638635
74,74,0.255,0.0025,0.0025,0.0925,0.1625,0.0075,0.0,3.0,0.8874669865577054,0.9196650824113985
75,75,0.255,0.0,0.0025,0.095,0.16,0.0,0.0025,-0.0025,0.9228377686922287,0.9563191481506504
76,76,0.26,0.0025,0.0025,0.0975,0.1625,0.0025,0.0,1.0,0.8604817628913376,0.8954361267594662
77,77,0.265,0.0025,0.0025,0.1,0.165,0.0025,0.0,1.0,0.8644967773908162,0.9033979554447029
78,78,0.27,0.0025,0.0025,0.1025,0.1675,0.0025,0.0,1.0,0.8660522082779205,0.9116441480199904
79,79,0.2725,0.0025,0.0025,0.105,0.1675,0.0,0.0,0.0,0.9265087132729687,0.9778566252996715
80,80,0.275,0.0025,0.0025,0.1075,0.1675,0.0,0.0,0.0,0.9025265616746856,0.956050655500948
81,81,0.28,0.0025,0.0025,0.11,0.17,0.0025,0.0,1.0,0.8960318500758087,0.9562063580376753
82,82,0.28,0.0,0.0025,0.11,0.17,0.0,0.0025,-0.0025,0.9312572558952757,0.9937973845242697
83,83,0.2825,0.0025,0.0025,0.1125,0.17,0.0,0.0,0.0,0.9318358146785956,0.9981129461610133
84,84,0.285,0.0025,0.0025,0.115,0.17,0.0,0.0,0.0,0.9109448556100429,0.9793776581028364
85,85,0.285,0.0025,0.0025,0.1175,0.1675,0.0,0.0025,-0.0025,0.9259325539534312,0.996531252257185
86,86,0.2875,0.0025,0.0025,0.12,0.1675,0.0,0.0,0.0,0.9197945536289395,0.9925959473278759
87,87,0.29,0.0025,0.0025,0.1225,0.1675,0.0,0.0,0.0,0.8976483359548023,0.9723379549255173
88,88,0.2925,0.0025,0.0025,0.125,0.1675,0.0,0.0,0.0,0.8989044234753031,0.9773715593293463
89,89,0.295,0.0025,0.0025,0.1275,0.1675,0.0,0.0,0.0,0.8779760210851313,0.9572182147051166
90,90,0.2975,0.0025,0.0025,0.13,0.1675,0.0,0.0,0.0,0.8008942294777777,0.8764940754724962
91,91,0.2975,0.0,0.0025,0.13,0.1675,0.0,0.0025,-0.0025,0.8684289733131549,0.9504037138261877
92,92,0.3025,0.0025,0.0025,0.1325,0.17,0.0025,0.0,1.0,0.7810515282645993,0.8613158193124513
93,93,0.305,0.0025,0.0025,0.135,0.17,0.0,0.0,0.0,0.7867197007764433,0.8708958987805897
94,94,0.3075,0.0025,0.0025,0.1375,0.17,0.0,0.0,0.0,0.8003894005253548,0.8894409183853251
95,95,0.3125,0.0025,0.0025,0.14,0.1725,0.0025,0.0,1.0,0.8569489446805632,0.9586482687495812
96,96,0.315,0.0025,0.0025,0.1425,0.1725,0.0,0.0,0.0,0.7662111843609577,0.8604772317928899
97,97,0.3225,0.0025,0.0025,0.145,0.1775,0.005,0.0,2.0,0.7255135159784517,0.8234910916441068
98,98,0.325,0.0025,0.0025,0.1475,0.1775,0.0,0.0,0.0,0.875220091185187,0.996241866147605
99,99,0.3275,0.0025,0.0025,0.15,0.1775,0.0,0.0,0.0,0.8741250251682777,0.9989326690394127
100,100,0.3325,0.0025,0.0025,0.1525,0.18,0.0025,0.0,1.0,0.8156102361461899,0.9384570905506712
101,101,0.3375,0.0025,0.0025,0.155,0.1825,0.0025,0.0,1.0,0.6798818386905435,0.7876882664211641
102,102,0.34,0.0025,0.0025,0.1575,0.1825,0.0,0.0,0.0,0.6741944623261449,0.7842433922792914
103,103,0.3475,0.0025,0.0025,0.16,0.1875,0.005,0.0,2.0,0.8432626720519749,0.9917752367904578
104,104,0.3575,0.0025,0.0025,0.1625,0.195,0.0075,0.0,3.0,0.8304222472995768,0.9905561517655601
105,105,0.36,0.0025,0.0025,0.165,0.195,0.0,0.0,0.0,0.8212396791169572,0.9825328666409633
106,106,0.36,0.0,0.0025,0.165,0.195,0.0,0.0025,-0.0025,0.7795448558865857,0.9326490930796631
107,107,0.3625,0.0,0.0025,0.165,0.1975,0.0025,0.0025,0.9975,0.8223793715595559,0.9879828519450224
108,108,0.3675,0.0025,0.0025,0.1675,0.2,0.0025,0.0,1.0,0.7564490097178301,0.9163858148920169
109,109,0.37,0.0025,0.0025,0.17,0.2,0.0,0.0,0.0,0.6839612982212726,0.8320545599734682
110,110,0.375,0.0025,0.0025,0.1725,0.2025,0.0025,0.0,1.0,0.7718277509753075,0.943589299787171
111,111,0.38,0.0025,0.0025,0.175,0.205,0.0025,0.0,1.0,0.760124216842937,0.9371977801778841
112,112,0.3875,0.0025,0.0025,0.1775,0.21,0.005,0.0,2.0,0.7548190623824709,0.9426967266622072
113,113,0.395,0.0025,0.0025,0.18,0.215,0.005,0.0,2.0,0.6585135658315788,0.8331926775971367
114,114,0.4,0.0025,0.0025,0.1825,0.2175,0.0025,0.0,1.0,0.7105786213622872,0.905887636545544
115,115,0.4025,0.0025,0.0025,0.185,0.2175,0.0,0.0,0.0,0.7487688862974403,0.9587900827329341
116,116,0.4075,0.0025,0.0025,0.1875,0.22,0.0025,0.0,1.0,0.7405082931429816,0.9554895972797187
117,117,0.41,0.0025,0.0025,0.19,0.22,0.0,0.0,0.0,0.7533444116697487,0.9763950668679233
118,118,0.415,0.0025,0.0025,0.1925,0.2225,0.0025,0.0,1.0,0.7638404585157041,0.9989216326303515
119,119,0.4175,0.0025,0.0025,0.195,0.2225,0.0,0.0,0.0,0.7400896291820075,0.9722411678082304
120,120,0.42,0.0025,0.0025,0.1975,0.2225,0.0,0.0,0.0,0.744160505773624,0.9820321278467576
121,121,0.4225,0.0025,0.0025,0.2,0.2225,0.0,0.0,0.0,0.7450853837998835,0.9877409296876133
122,122,0.425,0.0025,0.0025,0.2025,0.2225,0.0,0.0,0.0,0.7185035666921216,0.9568689734383388
123,123,0.43,0.0025,0.0025,0.205,0.225,0.0025,0.0,1.0,0.587085522298905,0.7880888155935022
124,124,0.4375,0.0,0.0025,0.205,0.2325,0.0075,0.0025,2.9975,0.7137936899058096,0.9716401704095529
125,125,0.44,0.0025,0.0025,0.2075,0.2325,0.0,0.0,0.0,0.6724945015789483,0.9197274810481233
126,126,0.445,0.0025,0.0025,0.21,0.235,0.0025,0.0,1.0,0.6907871415948867,0.9537125847812793
127,127,0.445,0.0,0.0025,0.2125,0.2325,0.0,0.0025,-0.0025,0.7227578986013082,0.9978519606700823
128,128,0.4475,0.0025,0.0025,0.215,0.2325,0.0,0.0,0.0,0.6953946801328297,0.964650454200129
129,129,0.45,0.0025,0.0025,0.2175,0.2325,0.0,0.0,0.0,0.6991555207512415,0.9745118693081753
130,130,0.4525,0.0025,0.0025,0.22,0.2325,0.0,0.0,0.0,0.656126247149237,0.918935360151147
131,131,0.455,0.0,0.0025,0.22,0.235,0.0025,0.0025,0.9975,0.6936745429796575,0.9749371088538706
132,132,0.4575,0.0025,0.0025,0.2225,0.235,0.0,0.0,0.0,0.6537567524208019,0.9232901057737606
133,133,0.4575,0.0,0.0025,0.2225,0.235,0.0,0.0025,-0.0025,0.6839727457127117,0.9659636652272459
134,134,0.4625,0.0025,0.0025,0.225,0.2375,0.0025,0.0,1.0,0.5590569337113263,0.7972776505652072
135,135,0.4675,0.0025,0.0025,0.2275,0.24,0.0025,0.0,1.0,0.6899556768617795,0.9936785674565052
136,136,0.47,0.0,0.0025,0.2275,0.2425,0.0025,0.0025,0.9975,0.6361200802472726,0.9206923096412322
137,137,0.4725,0.0025,0.0025,0.23,0.2425,0.0025,0.0025,0.9975,0.6184950897096334,0.8996478251332257
138,138,0.4725,0.0,0.0025,0.23,0.2425,0.0,0.0025,-0.0025,0.6740581831675059,0.9804685414472659
139,139,0.475,0.0025,0.0025,0.2325,0.2425,0.0,0.0,0.0,0.5202009516263851,0.7604638484580627
140,140,0.48,0.0025,0.0025,0.235,0.245,0.0025,0.0,1.0,0.6627362458923385,0.9786371711810451
141,141,0.485,0.0025,0.0025,0.2375,0.2475,0.0025,0.0,1.0,0.5399446099359075,0.8054639072898275
142,142,0.4875,0.0025,0.0025,0.24,0.2475,0.0,0.0,0.0,0.6583790567313725,0.9871813932027486
143,143,0.49,0.0025,0.0025,0.2425,0.2475,0.0,0.0,0.0,0.5925412604717465,0.8930474328127275
144,144,0.4925,0.0025,0.0025,0.245,0.2475,0.0,0.0,0.0,0.5746566577060117,0.8705833389594824
145,145,0.495,0.0025,0.0025,0.2475,0.2475,0.0,0.0,0.0,0.6539882822080798,0.9959303514964545
146,146,0.4975,0.0025,0.0025,0.25,0.2475,0.0,0.0,0.0,0.4910319044361189,0.7516869788218409
147,147,0.5025,0.0025,0.0025,0.2525,0.25,0.0025,0.0,1.0,0.6456782729875842,0.9988821191099543
148,148,0.5025,0.0025,0.0025,0.255,0.2475,0.0,0.0025,-0.0025,0.6069433247001755,0.9389580844201805
149,149,0.5025,0.0,0.0025,0.255,0.2475,0.0,0.0025,-0.0025,0.5905537513126541,0.9136029617816488
150,150,0.5025,0.0,0.0025,0.255,0.2475,0.0,0.0025,-0.0025,0.6140043348676478,0.9498816621433499
151,151,0.5075,0.0025,0.0025,0.2575,0.25,0.0025,0.0,1.0,0.47418387146383184,0.7403539420159364
152,152,0.5075,0.0,0.0025,0.26,0.2475,0.0,0.0025,-0.0025,0.6254385227889059,0.9765112305611372
153,153,0.51,0.0025,0.0025,0.2625,0.2475,0.0,0.0,0.0,0.5611602983312828,0.8808520237137587
154,154,0.51,0.0,0.0025,0.2625,0.2475,0.0,0.0025,-0.0025,0.5789740466870948,0.9088142233487039
155,155,0.515,0.0,0.0025,0.2625,0.2525,0.005,0.0025,1.9975,0.6138266899062477,0.9739673676549456
156,156,0.5175,0.0025,0.0025,0.265,0.2525,0.0025,0.0025,0.9975,0.601587446940602,0.9597472258812618
157,157,0.52,0.0025,0.0025,0.2675,0.2525,0.0,0.0,0.0,0.5484669055733841,0.8797925065030596
158,158,0.5175,0.0,0.0025,0.27,0.2475,0.0,0.005,-0.005,0.6094686893808662,0.9723206274823228
159,159,0.52,0.0025,0.0025,0.2725,0.2475,0.0,0.0,0.0,0.5451762919606274,0.8745140527460848
160,160,0.5225,0.0025,0.0025,0.275,0.2475,0.0,0.0,0.0,0.5506022716310376,0.8880797322886954
161,161,0.525,0.0025,0.0025,0.2775,0.2475,0.0,0.0,0.0,0.6060954360195886,0.9829957272664892
162,162,0.53,0.0025,0.0025,0.28,0.25,0.0025,0.0,1.0,0.563019138244176,0.9233475517074544
163,163,0.5325,0.0025,0.0025,0.2825,0.25,0.0,0.0,0.0,0.577087098945001,0.95174028467306
164,164,0.5325,0.0,0.0025,0.2825,0.25,0.0,0.0025,-0.0025,0.5800287126646482,0.9565916360272202
165,165,0.5325,0.0025,0.0025,0.285,0.2475,0.0,0.0025,-0.0025,0.5492045476551687,0.9057559829090638
166,166,0.5325,0.0025,0.0025,0.2875,0.245,0.0,0.0025,-0.0025,0.5892316686603211,0.9717692824781075
167,167,0.5375,0.0025,0.0025,0.29,0.2475,0.0025,0.0,1.0,0.5556103569703582,0.9267377525975065
168,168,0.545,0.0025,0.0025,0.2925,0.2525,0.005,0.0,2.0,0.5108294356597085,0.8668163994213532
169,169,0.5475,0.0025,0.0025,0.295,0.2525,0.0,0.0,0.0,0.5856341736796729,0.9995240319619042
170,170,0.5475,0.0,0.0025,0.295,0.2525,0.0,0.0025,-0.0025,0.5320034307397197,0.9079904110947326
171,171,0.5475,0.0,0.0025,0.2975,0.25,0.0025,0.005,0.995,0.5581228057775232,0.9525693380485245
172,172,0.5475,0.0,0.0025,0.2975,0.25,0.0,0.0025,-0.0025,0.5527348984798276,0.9433735925335518
173,173,0.5475,0.0,0.0025,0.2975,0.25,0.0,0.0025,-0.0025,0.5720248031261097,0.9762964036240784
174,174,0.55,0.0025,0.0025,0.3,0.25,0.0,0.0,0.0,0.540368779650931,0.9276553529486928
175,175,0.5525,0.0025,0.0025,0.3025,0.25,0.0,0.0,0.0,0.38090760590185596,0.6577482998674551
176,176,0.5525,0.0,0.0025,0.3025,0.25,0.005,0.0075,1.9925,0.5639522923672571,0.9738284449129451
177,177,0.5575,0.0025,0.0025,0.305,0.2525,0.0025,0.0,1.0,0.5122864766477367,0.8951242157798753
178,178,0.5675,0.0025,0.0025,0.3075,0.26,0.0075,0.0,3.0,0.5394579757073895,0.9655285404483697
179,179,0.57,0.0025,0.0025,0.31,0.26,0.0,0.0,0.0,0.5111707904255035,0.9204931183372665
180,180,0.5725,0.0025,0.0025,0.3125,0.26,0.0,0.0,0.0,0.5502580841975867,0.9969730520532931
181,181,0.575,0.0,0.0025,0.3125,0.2625,0.0025,0.0025,0.9975,0.4990899718701437,0.9098586651466991
182,182,0.5775,0.0025,0.0025,0.315,0.2625,0.0,0.0,0.0,0.5332996435011114,0.978273539088535
183,183,0.5775,0.0025,0.0025,0.3175,0.26,0.0,0.0025,-0.0025,0.5287279257274854,0.9698872771050133
184,184,0.5825,0.0025,0.0025,0.32,0.2625,0.0025,0.0,1.0,0.45720961849498115,0.8492595171642645
185,185,0.585,0.0025,0.0025,0.3225,0.2625,0.0,0.0,0.0,0.4906820466222641,0.9172078177255325
186,186,0.5875,0.0025,0.0025,0.325,0.2625,0.0,0.0,0.0,0.5206076065041457,0.979348346192642
187,187,0.5875,0.0,0.0025,0.325,0.2625,0.0,0.0025,-0.0025,0.5275314002734424,0.9923731385556894
188,188,0.5925,0.0025,0.0025,0.3275,0.265,0.0025,0.0,1.0,0.48439988707197174,0.9229953433528932
189,189,0.5975,0.0025,0.0025,0.33,0.2675,0.0025,0.0,1.0,0.4748214358345038,0.9165653107900644
190,190,0.5975,0.0,0.0025,0.33,0.2675,0.0,0.0025,-0.0025,0.49831185158014235,0.9619097257292277
191,191,0.6025,0.0,0.0025,0.3325,0.27,0.005,0.0025,1.9975,0.4648910212301924,0.9092691040523415
192,192,0.6025,0.0,0.0025,0.3325,0.27,0.0025,0.005,0.995,0.4672050760908936,0.9137951079840799
193,193,0.605,0.0025,0.0025,0.335,0.27,0.0,0.0,0.0,0.470442096409984,0.9262507118657552
194,194,0.6075,0.0025,0.0025,0.3375,0.27,0.0,0.0,0.0,0.5035546301554299,0.9980869749963853
195,195,0.605,0.0,0.0025,0.3375,0.2675,0.0,0.005,-0.005,0.4477935007676258,0.8816580234210298
196,196,0.6075,0.0025,0.0025,0.34,0.2675,0.0,0.0,0.0,0.5018179193438919,0.9946446703554838
197,197,0.61,0.0025,0.0025,0.3425,0.2675,0.0,0.0,0.0,0.49510687734966974,0.9879585370388041
198,198,0.6125,0.0025,0.0025,0.345,0.2675,0.0,0.0,0.0,0.47060780969934013,0.945443633326986
199,199,0.615,0.0025,0.0025,0.3475,0.2675,0.0025,0.0025,0.9975,0.4359157555060712,0.8817284641072473
200,200,0.6175,0.0,0.0025,0.3475,0.27,0.0025,0.0025,0.9975,0.4394370546582891,0.894960838839245
201,201,0.6225,0.0,0.0025,0.3475,0.275,0.005,0.0025,1.9975,0.4531318645206292,0.9357092854746024
202,202,0.6175,0.0,0.0025,0.3425,0.275,0.0,0.0075,-0.0075,0.468673803248207,0.9545046227909918
203,203,0.62,0.0025,0.0025,0.345,0.275,0.0,0.0,0.0,0.48102776900008637,0.9864432369449502
204,204,0.62,0.0,0.0025,0.345,0.275,0.0,0.0025,-0.0025,0.4760840728753081,0.9763052035047277
205,205,0.6225,0.0025,0.0025,0.3475,0.275,0.0,0.0,0.0,0.43732685396622684,0.9030722182305594
206,206,0.6275,0.0025,0.0025,0.35,0.2775,0.0025,0.0,1.0,0.4628864342583151,0.9693486013992563
207,207,0.63,0.0025,0.0025,0.3525,0.2775,0.0,0.0,0.0,0.4654362045858205,0.9816147010806024
208,208,0.6325,0.0025,0.0025,0.355,0.2775,0.0,0.0,0.0,0.4206223886527283,0.8934484695305417
209,209,0.635,0.0025,0.0025,0.3575,0.2775,0.0,0.0,0.0,0.42873372113848485,0.9172382576186118
210,210,0.635,0.0025,0.0025,0.36,0.275,0.0,0.0025,-0.0025,0.4451378407793015,0.952333435290092
211,211,0.6375,0.0,0.0025,0.36,0.2775,0.0025,0.0025,0.9975,0.4610201318413105,0.9934665604802174
212,212,0.64,0.0025,0.0025,0.3625,0.2775,0.0,0.0,0.0,0.4408490478571247,0.9569381422845167
213,213,0.6425,0.0025,0.0025,0.365,0.2775,0.0,0.0,0.0,0.44859987036376436,0.9809248801167108
214,214,0.6425,0.0,0.0025,0.3675,0.275,0.0,0.0025,-0.0025,0.3920433172430073,0.8572562530063044
215,215,0.6425,0.0025,0.0025,0.37,0.2725,0.0,0.0025,-0.0025,0.4564072407453208,0.9979967616786578
216,216,0.6475,0.0025,0.0025,0.3725,0.275,0.0025,0.0,1.0,0.42972328522977193,0.9536701620879107
217,217,0.6475,0.0025,0.0025,0.375,0.2725,0.0,0.0025,-0.0025,0.43982507934026627,0.9760887276110304
218,218,0.65,0.0025,0.0025,0.3775,0.2725,0.0,0.0,0.0,0.3776934049181818,0.8444995099140301
219,219,0.6525,0.0,0.0025,0.3775,0.275,0.0025,0.0025,0.9975,0.40635145376270515,0.9154525603361061
220,220,0.655,0.0025,0.0025,0.38,0.275,0.0025,0.0025,0.9975,0.4223964852788108,0.9588529683460129
221,221,0.6575,0.0025,0.0025,0.3825,0.275,0.0,0.0,0.0,0.43531066462121987,0.9957555559931192
222,222,0.6575,0.0,0.0025,0.3825,0.275,0.0,0.0025,-0.0025,0.4191578261524104,0.9588065906734389
223,223,0.66,0.0025,0.0025,0.385,0.275,0.0025,0.0025,0.9975,0.4199744087651512,0.9681047158758315
224,224,0.66,0.0,0.0025,0.385,0.275,0.0,0.0025,-0.0025,0.3922548278253931,0.904206877174693
225,225,0.6625,0.0025,0.0025,0.3875,0.275,0.0,0.0,0.0,0.41042831719050205,0.9534713092824496
226,226,0.665,0.0025,0.0025,0.39,0.275,0.0,0.0,0.0,0.41976430992969704,0.9828148771018886
227,227,0.6675,0.0025,0.0025,0.3925,0.275,0.0,0.0,0.0,0.4214022803644583,0.9944534612849752
228,228,0.6725,0.0025,0.0025,0.395,0.2775,0.0025,0.0,1.0,0.39054928034165115,0.9364489970808578
229,229,0.675,0.0025,0.0025,0.3975,0.2775,0.0,0.0,0.0,0.37889367217562175,0.9158529944910963
230,230,0.6725,0.0,0.0025,0.3975,0.275,0.0,0.005,-0.005,0.3803229456946209,0.911928555471934
231,231,0.67,0.0,0.0025,0.3975,0.2725,0.0,0.005,-0.005,0.3864214722767489,0.9191704635784935
232,232,0.6725,0.0025,0.0025,0.4,0.2725,0.0,0.0,0.0,0.35561074635858375,0.852674280918797
233,233,0.675,0.0025,0.0025,0.4025,0.2725,0.0,0.0,0.0,0.4131430792609813,0.9986398667514804
234,234,0.6725,0.0,0.0025,0.405,0.2675,0.0,0.005,-0.005,0.41003125454887523,0.9831623726414285
235,235,0.675,0.0025,0.0025,0.4075,0.2675,0.0,0.0,0.0,0.38531459531027323,0.9313735009342389
236,236,0.6775,0.0025,0.0025,0.41,0.2675,0.0,0.0,0.0,0.3937766053670588,0.9595895808768751
237,237,0.68,0.0025,0.0025,0.4125,0.2675,0.0,0.0,0.0,0.40764738396729605,0.9994801719060977
238,238,0.6825,0.0025,0.0025,0.415,0.2675,0.0,0.0,0.0,0.39023883795123937,0.9647095417341713
239,239,0.685,0.0025,0.0025,0.4175,0.2675,0.0,0.0,0.0,0.3916531299876669,0.9762757921181848
240,240,0.69,0.0025,0.0025,0.42,0.27,0.0025,0.0,1.0,0.3379995765025237,0.8568077340431575
241,241,0.69,0.0,0.0025,0.42,0.27,0.0,0.0025,-0.0025,0.38982488891005035,0.9881816515771636
242,242,0.69,0.0,0.0025,0.42,0.27,0.0025,0.005,0.995,0.3289577836676637,0.8338873561223104
243,243,0.6925,0.0025,0.0025,0.42,0.2725,0.0025,0.0025,0.9975,0.36897294532069885,0.9433093677226164
244,244,0.695,0.0025,0.0025,0.4225,0.2725,0.0,0.0,0.0,0.375785105518829,0.9689954363864707
245,245,0.69,0.0,0.0025,0.4225,0.2675,0.0,0.0075,-0.0075,0.3878175394663909,0.983093146597212
246,246,0.69,0.0025,0.0025,0.4225,0.2675,0.0,0.0025,-0.0025,0.30493535873089256,0.7729920151006536
247,247,0.6925,0.0025,0.0025,0.425,0.2675,0.0,0.0,0.0,0.3746545968884114,0.9578349724205458
248,248,0.695,0.0025,0.0025,0.4275,0.2675,0.0,0.0,0.0,0.38434139451304594,0.991058591274829
249,249,0.695,0.0,0.0025,0.43,0.265,0.0,0.0025,-0.0025,0.31161990854824745,0.8035397487442227
250,250,0.705,0.0025,0.0025,0.4325,0.2725,0.0075,0.0,3.0,0.3716752032248534,0.9925387500784242
251,251,0.7025,0.0,0.0025,0.43,0.2725,0.0,0.005,-0.005,0.36933112128015966,0.9775783759530655
252,252,0.7,0.0,0.0025,0.4275,0.2725,0.0,0.005,-0.005,0.3386198680048972,0.8884482148327468
253,253,0.7025,0.0025,0.0025,0.43,0.2725,0.0,0.0,0.0,0.22754076683521318,0.6022750872844795
254,254,0.705,0.0025,0.0025,0.4325,0.2725,0.0,0.0,0.0,0.3661780273670491,0.9778588359826603
255,255,0.7,0.0,0.0025,0.4275,0.2725,0.0,0.0075,-0.0075,0.3717347826886477,0.975332918345452
256,256,0.7,0.0025,0.0025,0.43,0.27,0.0,0.0025,-0.0025,0.37438944311673433,0.9822980392410947
257,257,0.705,0.0025,0.0025,0.4325,0.2725,0.0025,0.0,1.0,0.35342586285019373,0.943804862727154
258,258,0.7025,0.0,0.0025,0.43,0.2725,0.0,0.005,-0.005,0.31786583737068413,0.8413554969067467
259,259,0.7075,0.0025,0.0025,0.4325,0.275,0.0025,0.0,1.0,0.37005507731110887,0.9970827522069466
260,260,0.705,0.0,0.0025,0.4325,0.2725,0.0,0.005,-0.005,0.3595891482468789,0.9602635867176853
261,261,0.705,0.0,0.0025,0.4325,0.2725,0.0,0.0025,-0.0025,0.32789550537442375,0.8756274086538292
262,262,0.705,0.0,0.0025,0.435,0.27,0.0,0.0025,-0.0025,0.28026591766519293,0.7484351422839068
263,263,0.7075,0.0025,0.0025,0.4375,0.27,0.0,0.0,0.0,0.3407088406307902,0.9180117483749173
264,264,0.7125,0.0025,0.0025,0.44,0.2725,0.0025,0.0,1.0,0.36066340622238063,0.9895308510451939
265,265,0.715,0.0,0.0025,0.44,0.275,0.0025,0.0025,0.9975,0.3343934400973652,0.9259075951186453
266,266,0.7075,0.0,0.0025,0.4325,0.275,0.0,0.01,-0.01,0.3641508039507593,0.9811741767194923
267,267,0.71,0.0025,0.0025,0.435,0.275,0.0,0.0,0.0,0.36597036990694476,0.9950044604691429
268,268,0.71,0.0025,0.0025,0.435,0.275,0.0,0.0025,-0.0025,0.3550550289775377,0.965327705722405
269,269,0.7125,0.0025,0.0025,0.4375,0.275,0.0,0.0,0.0,0.36004854271098635,0.9878438864038976
270,270,0.71,0.0,0.0025,0.435,0.275,0.0,0.005,-0.005,0.36320519441920296,0.9874864694771874
271,271,0.7125,0.0025,0.0025,0.4375,0.275,0.0,0.0,0.0,0.3057398853144528,0.8388404359690669
272,272,0.715,0.0025,0.0025,0.44,0.275,0.0,0.0,0.0,0.3540175124469803,0.9802450176182489
273,273,0.7175,0.0025,0.0025,0.4425,0.275,0.0,0.0,0.0,0.27380722687097797,0.7651957203307617
274,274,0.7225,0.0025,0.0025,0.445,0.2775,0.0025,0.0,1.0,0.3483007049904087,0.9918025421200625
275,275,0.7225,0.0025,0.0025,0.4475,0.275,0.0,0.0025,-0.0025,0.33034477397916284,0.9406721890431816
276,276,0.7275,0.0025,0.0025,0.45,0.2775,0.0025,0.0,1.0,0.3392691067041629,0.9847057723948979
277,277,0.7275,0.0025,0.0025,0.4525,0.275,0.0,0.0025,-0.0025,0.3375553561136057,0.9797317265250558
278,278,0.7275,0.0,0.0025,0.4525,0.275,0.0,0.0025,-0.0025,0.3144763172289049,0.9127463678171439
279,279,0.735,0.0025,0.0025,0.455,0.28,0.005,0.0,2.0,0.3038596612631046,0.9081589810397831
280,280,0.735,0.0,0.0025,0.455,0.28,0.0,0.0025,-0.0025,0.2931235210852395,0.876071397963766
281,281,0.7325,0.0,0.0025,0.4525,0.28,0.0,0.005,-0.005,0.32004475911107233,0.9471477775940855
282,282,0.735,0.0,0.0025,0.455,0.28,0.0025,0.0025,0.9975,0.3033646149593175,0.9066794139760077
283,283,0.7375,0.0025,0.0025,0.4575,0.28,0.0025,0.0025,0.9975,0.31073599265484214,0.9379998910808687
284,284,0.7425,0.0025,0.0025,0.46,0.2825,0.0025,0.0,1.0,0.3192197628809891,0.9832652165029949
285,285,0.7425,0.0,0.0025,0.46,0.2825,0.0,0.0025,-0.0025,0.30005040177283865,0.9242194800168841
286,286,0.745,0.0025,0.0025,0.4625,0.2825,0.0,0.0,0.0,0.2936466584355066,0.9138078281209358
287,287,0.7475,0.0025,0.0025,0.465,0.2825,0.0,0.0,0.0,0.31658465160575144,0.9954338496029483
288,288,0.7525,0.0025,0.0025,0.4675,0.285,0.0025,0.0,1.0,0.30951770489793434,0.9938676011980366
289,289,0.755,0.0025,0.0025,0.47,0.285,0.0,0.0,0.0,0.30181756414423966,0.9795286015426368
290,290,0.7575,0.0025,0.0025,0.4725,0.285,0.0,0.0,0.0,0.2721327360974922,0.8927512327331248
291,291,0.755,0.0,0.0025,0.4725,0.2825,0.0,0.005,-0.005,0.2704585759048893,0.877755114691477
292,292,0.7575,0.0025,0.0025,0.475,0.2825,0.0,0.0,0.0,0.30421750476167564,0.9980076498318938
293,293,0.76,0.0025,0.0025,0.4775,0.2825,0.0,0.0,0.0,0.2934402346634003,0.9731837709774078
294,294,0.76,0.0,0.0025,0.4775,0.2825,0.0,0.0025,-0.0025,0.2995376626022196,0.9934056670018907
295,295,0.7625,0.0025,0.0025,0.48,0.2825,0.0,0.0,0.0,0.2966595534558571,0.9947376236719507
296,296,0.7625,0.0,0.0025,0.48,0.2825,0.0,0.0025,-0.0025,0.2889179144543565,0.9687789127726414
297,297,0.765,0.0025,0.0025,0.4825,0.2825,0.0,0.0,0.0,0.2377421715946621,0.8060870986917411
298,298,0.7625,0.0,0.0025,0.48,0.2825,0.0,0.005,-0.005,0.27365402430741304,0.9175971266616487
299,299,0.765,0.0,0.0025,0.48,0.285,0.0025,0.0025,0.9975,0.2798674348205756,0.9489167489285394
300,300,0.7675,0.0025,0.0025,0.4825,0.285,0.0,0.0,0.0,0.2877886189057623,0.9867940231313128
301,301,0.77,0.0025,0.0025,0.485,0.285,0.0,0.0,0.0,0.23201372938096426,0.8046304385715076
302,302,0.7725,0.0025,0.0025,0.4875,0.285,0.0,0.0,0.0,0.2534466052353144,0.8891049085108845
303,303,0.7725,0.0,0.0025,0.4875,0.285,0.0,0.0025,-0.0025,0.28296801419252693,0.9926676671662825
304,304,0.775,0.0,0.0025,0.4875,0.2875,0.0025,0.0025,0.9975,0.2789312307709019,0.9899254725160523
305,305,0.7775,0.0025,0.0025,0.49,0.2875,0.0,0.0,0.0,0.2539721381918005,0.9119826153102941
306,306,0.7775,0.0025,0.0025,0.4925,0.285,0.0,0.0025,-0.0025,0.25507496454329287,0.9159427286811064
307,307,0.7775,0.0,0.0025,0.4925,0.285,0.0,0.0025,-0.0025,0.27597111052821127,0.9909782109230196
308,308,0.7775,0.0,0.0025,0.495,0.2825,0.0,0.0025,-0.0025,0.25172258377056456,0.9039047429146528
309,309,0.775,0.0,0.0025,0.495,0.28,0.0,0.005,-0.005,0.2614199617669254,0.9277780708242176
310,310,0.7775,0.0025,0.0025,0.4975,0.28,0.0,0.0,0.0,0.24796956116159372,0.8904281017420566
311,311,0.78,0.0025,0.0025,0.5,0.28,0.0025,0.0025,0.9975,0.27317860830934326,0.9926585183786695
312,312,0.7825,0.0025,0.0025,0.5025,0.28,0.0,0.0,0.0,0.2682743059444683,0.9866062357521038
313,313,0.785,0.0025,0.0025,0.505,0.28,0.0,0.0,0.0,0.2615315081447847,0.9735553231564115
314,314,0.785,0.0,0.0025,0.505,0.28,0.0,0.0025,-0.0025,0.24063196388101282,0.8957564272838955
315,315,0.785,0.0025,0.0025,0.5075,0.2775,0.0,0.0025,-0.0025,0.2590701876840133,0.9643930174228658
316,316,0.785,0.0,0.0025,0.5075,0.2775,0.0,0.0025,-0.0025,0.2658071867312842,0.9894716067335628
317,317,0.7875,0.0025,0.0025,0.51,0.2775,0.0,0.0,0.0,0.26390871822096734,0.9945436680023765
318,318,0.7875,0.0,0.0025,0.5125,0.275,0.0,0.0025,-0.0025,0.26195424490267555,0.9871782081718332
319,319,0.7875,0.0,0.0025,0.5125,0.275,0.0025,0.005,0.995,0.25658943834612125,0.9669608601931606
320,320,0.785,0.0,0.0025,0.51,0.275,0.0,0.005,-0.005,0.2490525737706289,0.9271022855340642
321,321,0.7875,0.0025,0.0025,0.5125,0.275,0.0,0.0,0.0,0.2645881406191555,0.9971040807411903
322,322,0.785,0.0,0.0025,0.5125,0.2725,0.0,0.005,-0.005,0.2600559014488246,0.9680623530591262
323,323,0.79,0.0025,0.0025,0.515,0.275,0.0025,0.0,1.0,0.23284655180734756,0.8884572831934342
324,324,0.79,0.0,0.0025,0.515,0.275,0.0,0.0025,-0.0025,0.21795355832629543,0.8316310668544402
325,325,0.7925,0.0025,0.0025,0.5175,0.275,0.0,0.0,0.0,0.2509099119972039,0.9694955331349651
326,326,0.7975,0.0025,0.0025,0.52,0.2775,0.0025,0.0,1.0,0.24859020871307155,0.9854503327438653
327,327,0.7975,0.0,0.0025,0.52,0.2775,0.0,0.0025,-0.0025,0.2270435400554417,0.9000359799095147
328,328,0.8,0.0025,0.0025,0.5225,0.2775,0.0,0.0,0.0,0.2281992166157125,0.9164940592277923
329,329,0.795,0.0,0.0025,0.5225,0.2725,0.0,0.0075,-0.0075,0.24161241416169887,0.9455286464764628
330,330,0.7975,0.0025,0.0025,0.525,0.2725,0.0,0.0,0.0,0.24842463521909872,0.9847939736073821
331,331,0.7975,0.0,0.0025,0.525,0.2725,0.0,0.0025,-0.0025,0.22512806760355594,0.8924427485636606
332,332,0.8025,0.0025,0.0025,0.5275,0.275,0.0025,0.0,1.0,0.24221602097569608,0.9857219123436369
333,333,0.8025,0.0,0.0025,0.5275,0.275,0.0,0.0025,-0.0025,0.2249427408507781,0.9154266005447119
334,334,0.805,0.0,0.0025,0.5275,0.2775,0.0025,0.0025,0.9975,0.23970505883983428,0.9886392722319977
335,335,0.81,0.0025,0.0025,0.53,0.28,0.0025,0.0,1.0,0.20761645460817532,0.8799692371494068
336,336,0.8125,0.0025,0.0025,0.5325,0.28,0.0,0.0,0.0,0.20738981684024915,0.8913188531706708
337,337,0.815,0.0,0.0025,0.535,0.28,0.0025,0.0025,0.9975,0.2142364632444176,0.933813344220786
338,338,0.815,0.0,0.0025,0.535,0.28,0.0,0.0025,-0.0025,0.21338592248789645,0.9301060093618411
339,339,0.815,0.0,0.0025,0.535,0.28,0.0,0.0025,-0.0025,0.22235370535803675,0.9691947582395595
340,340,0.815,0.0,0.0025,0.535,0.28,0.0,0.0025,-0.0025,0.19782745265199003,0.8622897911121471
341,341,0.8175,0.0025,0.0025,0.5375,0.28,0.0,0.0,0.0,0.2252291139391587,0.9958536431722286
342,342,0.8175,0.0,0.0025,0.5375,0.28,0.0,0.0025,-0.0025,0.1983241737249381,0.8768930778036667
343,343,0.82,0.0025,0.0025,0.54,0.28,0.0,0.0,0.0,0.22012802138225068,0.9874979438740575
344,344,0.82,0.0,0.0025,0.54,0.28,0.0,0.0025,-0.0025,0.21763117194328596,0.9762970360039086
345,345,0.8125,0.0,0.0025,0.5325,0.28,0.0,0.01,-0.01,0.22866177698947013,0.9827413705043001
346,346,0.815,0.0025,0.0025,0.535,0.28,0.0,0.0,0.0,0.226114573314712,0.9855876198029481
347,347,0.815,0.0,0.0025,0.5325,0.2825,0.0025,0.005,0.995,0.22795857988726723,0.9936252709021373
348,348,0.8125,0.0,0.0025,0.5325,0.28,0.0,0.005,-0.005,0.20836451454071386,0.895507903770178
349,349,0.81,0.0,0.0025,0.5325,0.2775,0.0,0.005,-0.005,0.22953403653474097,0.9728655246063844
350,350,0.8125,0.0025,0.0025,0.535,0.2775,0.0,0.0,0.0,0.22345617864061634,0.9603687775724998
351,351,0.8075,0.0,0.0025,0.5325,0.275,0.0,0.0075,-0.0075,0.2383858661743104,0.9966099815634849
352,352,0.805,0.0,0.0025,0.53,0.275,0.0,0.005,-0.005,0.22373991022726172,0.9227926314401745
353,353,0.8075,0.0025,0.0025,0.5325,0.275,0.0,0.0,0.0,0.2222912463933023,0.9293238669098035
354,354,0.81,0.0025,0.0025,0.535,0.275,0.0,0.0,0.0,0.2252256097347148,0.954604529582227
355,355,0.8125,0.0025,0.0025,0.5375,0.275,0.0,0.0,0.0,0.1752447578222682,0.7531659892762959
356,356,0.815,0.0025,0.0025,0.54,0.275,0.0,0.0,0.0,0.19275991311632928,0.8402014128356272
357,357,0.815,0.0,0.0025,0.5425,0.2725,0.0,0.0025,-0.0025,0.22823589881887119,0.9948340479469738
358,358,0.815,0.0,0.0025,0.5425,0.2725,0.0,0.0025,-0.0025,0.21637573513253294,0.9431379970169786
359,359,0.8175,0.0025,0.0025,0.545,0.2725,0.0,0.0,0.0,0.2114146101860383,0.934772623713627
360,360,0.815,0.0,0.0025,0.5425,0.2725,0.0,0.005,-0.005,0.2290962280180854,0.9985840486447191
361,361,0.815,0.0025,0.0025,0.5425,0.2725,0.0,0.0025,-0.0025,0.22308577911213492,0.9723857194334565
362,362,0.815,0.0025,0.0025,0.545,0.27,0.0,0.0025,-0.0025,0.21872084643688847,0.9533598621305369
363,363,0.815,0.0025,0.0025,0.545,0.27,0.0,0.0025,-0.0025,0.20857916821980219,0.9091543412379341
364,364,0.82,0.0025,0.0025,0.5475,0.2725,0.0025,0.0,1.0,0.19936438876264667,0.8943519446029781
365,365,0.8225,0.0025,0.0025,0.55,0.2725,0.0,0.0,0.0,0.16911176474818343,0.7698614029105091
366,366,0.8275,0.0025,0.0025,0.5525,0.275,0.0025,0.0,1.0,0.1998886191908373,0.9376840181919862
367,367,0.83,0.0025,0.0025,0.555,0.275,0.0,0.0,0.0,0.20364338979740443,0.9700540888054908
368,368,0.8275,0.0,0.0025,0.5525,0.275,0.0,0.005,-0.005,0.21290821008280372,0.9987593428013348
369,369,0.83,0.0025,0.0025,0.555,0.275,0.0,0.0,0.0,0.20370341297905706,0.9703400088780412
370,370,0.825,0.0,0.0025,0.5525,0.2725,0.0,0.0075,-0.0075,0.18154640658365362,0.8388700835002856
371,371,0.825,0.0,0.0025,0.5525,0.2725,0.0,0.0025,-0.0025,0.20135529722454365,0.9304008720114564
372,372,0.8225,0.0,0.0025,0.5525,0.27,0.0,0.005,-0.005,0.20442837164270292,0.9306360986884133
373,373,0.825,0.0025,0.0025,0.555,0.27,0.0,0.0,0.0,0.20978597491764492,0.9693564395352735
374,374,0.825,0.0,0.0025,0.555,0.27,0.0,0.0025,-0.0025,0.17680294971125451,0.8169520288413743
375,375,0.825,0.0025,0.0025,0.5575,0.2675,0.0,0.0025,-0.0025,0.18758308694810275,0.8667637259946996
376,376,0.8275,0.0025,0.0025,0.56,0.2675,0.0,0.0,0.0,0.20430233703138975,0.9583889122307188
377,377,0.83,0.0025,0.0025,0.5625,0.2675,0.0,0.0,0.0,0.18547969572636153,0.8835314389961535
378,378,0.8325,0.0025,0.0025,0.565,0.2675,0.0,0.0,0.0,0.20655081718268695,0.9993287133572349
379,379,0.8325,0.0,0.0025,0.5675,0.265,0.0,0.0025,-0.0025,0.2053737957589172,0.9936340793632702
380,380,0.835,0.0,0.0025,0.5675,0.2675,0.0025,0.0025,0.9975,0.17798188662637945,0.8748118656627893
381,381,0.84,0.0025,0.0025,0.57,0.27,0.0025,0.0,1.0,0.17424201210277945,0.8845530742275924
382,382,0.84,0.0025,0.0025,0.5725,0.2675,0.0,0.0025,-0.0025,0.1522177114384097,0.7727450055231889
383,383,0.8425,0.0025,0.0025,0.575,0.2675,0.0,0.0,0.0,0.18298473340775545,0.9444245590122087
384,384,0.845,0.0,0.0025,0.575,0.27,0.0025,0.0025,0.9975,0.18219194887171533,0.9562642033914476
385,385,0.845,0.0,0.0025,0.575,0.27,0.0,0.0025,-0.0025,0.1866993447202386,0.9799220067529616
386,386,0.845,0.0,0.0025,0.575,0.27,0.0,0.0025,-0.0025,0.1775369060784779,0.9318314509235401
387,387,0.8475,0.0,0.0025,0.5775,0.27,0.0025,0.0025,0.9975,0.18465175788157837,0.9858642336478285
388,388,0.8525,0.0025,0.0025,0.58,0.2725,0.0025,0.0,1.0,0.17999242211041078,0.9952211578180944
389,389,0.8525,0.0,0.0025,0.58,0.2725,0.0,0.0025,-0.0025,0.15067529548794661,0.8331197517755071
390,390,0.8525,0.0,0.0025,0.58,0.2725,0.0,0.0025,-0.0025,0.17940830199354074,0.9919914179646041
391,391,0.85,0.0,0.0025,0.5775,0.2725,0.0,0.005,-0.005,0.17312569352213697,0.9405084559524807
392,392,0.85,0.0,0.0025,0.5775,0.2725,0.0,0.0025,-0.0025,0.1745345666949506,0.9481621849018836
393,393,0.8525,0.0025,0.0025,0.58,0.2725,0.0,0.0,0.0,0.1806408165827614,0.9988062859580992
394,394,0.85,0.0,0.0025,0.58,0.27,0.0,0.005,-0.005,0.1635864436826191,0.888686308962134
395,395,0.8475,0.0,0.0025,0.5775,0.27,0.0,0.005,-0.005,0.17898633065215358,0.9556162569272038
396,396,0.8475,0.0,0.0025,0.5775,0.27,0.0,0.0025,-0.0025,0.15819527474239747,0.8446118525480903
397,397,0.8525,0.0025,0.0025,0.58,0.2725,0.0025,0.0,1.0,0.15580051630897906,0.8614583236985652
398,398,0.8525,0.0,0.0025,0.58,0.2725,0.0,0.0025,-0.0025,0.16463458013324964,0.9103039757784979
399,399,0.8575,0.0,0.0025,0.58,0.2775,0.005,0.0025,1.9975,0.16000107411673,0.9173061200689313
400,400,0.8575,0.0,0.0025,0.58,0.2775,0.0,0.0025,-0.0025,0.17064464275916363,0.9783270270158132
401,401,0.8575,0.0,0.0025,0.58,0.2775,0.0,0.0025,-0.0025,0.17420544216859185,0.9987415342848291
402,402,0.8575,0.0,0.0025,0.58,0.2775,0.0,0.0025,-0.0025,0.17205537219181127,0.9864149148595219
403,403,0.8575,0.0,0.0025,0.58,0.2775,0.0,0.0025,-0.0025,0.1545558331651343,0.886087874330752
404,404,0.855,0.0,0.0025,0.58,0.275,0.0025,0.0075,0.9925,0.1740831618807075,0.9799803426216379
405,405,0.85,0.0,0.0025,0.58,0.27,0.0,0.0075,-0.0075,0.18268618798573236,0.9924460147467137
406,406,0.85,0.0025,0.0025,0.58,0.27,0.0,0.0025,-0.0025,0.1569904008641815,0.852853187255263
407,407,0.8475,0.0,0.0025,0.5775,0.27,0.0,0.005,-0.005,0.18237961199017771,0.9737331421615597
408,408,0.85,0.0025,0.0025,0.58,0.27,0.0,0.0,0.0,0.18388079118504808,0.9989357181963099
409,409,0.8475,0.0,0.0025,0.5775,0.27,0.0,0.005,-0.005,0.17670968106351193,0.9434611199940895
410,410,0.845,0.0025,0.0025,0.5775,0.2675,0.0,0.005,-0.005,0.16857492052535997,0.8847930058724237
411,411,0.845,0.0,0.0025,0.5775,0.2675,0.0,0.0025,-0.0025,0.18565046246549496,0.9744167769116028
412,412,0.8475,0.0025,0.0025,0.58,0.2675,0.0,0.0,0.0,0.1817750540567681,0.9705053795312206
413,413,0.8525,0.0025,0.0025,0.5825,0.27,0.0025,0.0,1.0,0.1805842615324974,0.9984935795566615
414,414,0.8525,0.0,0.0025,0.5825,0.27,0.0,0.0025,-0.0025,0.16515167733641906,0.913163129909593
415,415,0.855,0.0025,0.0025,0.585,0.27,0.0,0.0,0.0,0.16328422273879417,0.9191890060793113
416,416,0.8575,0.0025,0.0025,0.5875,0.27,0.0,0.0,0.0,0.17122873076446987,0.9816756764226
417,417,0.86,0.0025,0.0025,0.59,0.27,0.0,0.0,0.0,0.1680118065140414,0.9813012780723265
418,418,0.86,0.0,0.0025,0.59,0.27,0.0,0.0025,-0.0025,0.11925626927496918,0.696536343997256
419,419,0.86,0.0,0.0025,0.59,0.27,0.0,0.0025,-0.0025,0.1566438957897176,0.9149050791727046
420,420,0.8575,0.0,0.0025,0.59,0.2675,0.0,0.005,-0.005,0.16890150348012076,0.9683333920503877
421,421,0.8575,0.0025,0.0025,0.5925,0.265,0.0,0.0025,-0.0025,0.15815561416893864,0.9067258679437732
422,422,0.86,0.0025,0.0025,0.595,0.265,0.0,0.0,0.0,0.15659857952694936,0.9146404019009425
423,423,0.8625,0.0,0.0025,0.595,0.2675,0.0025,0.0025,0.9975,0.15500439211979858,0.9226206519537644
424,424,0.865,0.0025,0.0025,0.5975,0.2675,0.0,0.0,0.0,0.16399427662760943,0.9951194963866877
425,425,0.8675,0.0025,0.0025,0.6,0.2675,0.0,0.0,0.0,0.15080355572718934,0.9332154279015568
426,426,0.8675,0.0,0.0025,0.6,0.2675,0.0,0.0025,-0.0025,0.14506243303703356,0.8976877227218368
427,427,0.8725,0.0025,0.0025,0.6025,0.27,0.0025,0.0,1.0,0.1469388130059027,0.94677729333846
428,428,0.8725,0.0,0.0025,0.605,0.2675,0.0,0.0025,-0.0025,0.15102440866782962,0.9731021909155158
429,429,0.875,0.0025,0.0025,0.6075,0.2675,0.0,0.0,0.0,0.15101627687543207,0.9934939936143841
430,430,0.875,0.0,0.0025,0.61,0.265,0.0,0.0025,-0.0025,0.15160111784722793,0.9973414993582721
431,431,0.875,0.0,0.0025,0.61,0.265,0.0,0.0025,-0.0025,0.1471585717806409,0.9681152270330043
432,432,0.8775,0.0025,0.0025,0.6125,0.265,0.0,0.0,0.0,0.14444787431681938,0.9706558190857619
433,433,0.88,0.0025,0.0025,0.615,0.265,0.0,0.0,0.0,0.1427234371652296,0.9800584742366054
434,434,0.88,0.0,0.0025,0.615,0.265,0.0,0.0025,-0.0025,0.13782539022732498,0.946424387894187
435,435,0.88,0.0,0.0025,0.615,0.265,0.0,0.0025,-0.0025,0.11246249123406064,0.7722615132937181
436,436,0.8825,0.0025,0.0025,0.6175,0.265,0.0,0.0,0.0,0.14190022864649285,0.9961857745242026
437,437,0.8825,0.0,0.0025,0.6175,0.265,0.0,0.0025,-0.0025,0.14190485446030837,0.9962182492422674
438,438,0.885,0.0025,0.0025,0.62,0.265,0.0,0.0,0.0,0.13875046249139628,0.9963196767565853
439,439,0.885,0.0,0.0025,0.62,0.265,0.0,0.0025,-0.0025,0.12996860342889172,0.9332601465368646
440,440,0.88,0.0,0.0025,0.62,0.26,0.0,0.0075,-0.0075,0.14288347475656799,0.9811574261726217
441,441,0.885,0.0,0.0025,0.62,0.265,0.005,0.0025,1.9975,0.1163701474769056,0.8356142793073296
442,442,0.885,0.0025,0.0025,0.6225,0.2625,0.0,0.0025,-0.0025,0.1320839203582965,0.9484495148567935
443,443,0.8875,0.0,0.0025,0.6225,0.265,0.0025,0.0025,0.9975,0.13054211306553593,0.9592625508224396
444,444,0.8875,0.0,0.0025,0.6225,0.265,0.0,0.0025,-0.0025,0.12055361794958219,0.885864096646989
445,445,0.89,0.0025,0.0025,0.625,0.265,0.0,0.0,0.0,0.132126951200836,0.9940908922932447
446,446,0.8875,0.0,0.0025,0.625,0.2625,0.0,0.005,-0.005,0.13356175337239753,0.9814517723334485
447,447,0.885,0.0,0.0025,0.6275,0.2575,0.0,0.005,-0.005,0.13922374607197607,0.9997181644844854
448,448,0.8875,0.0025,0.0025,0.63,0.2575,0.0,0.0,0.0,0.1357850592673089,0.9977892900426996
449,449,0.885,0.0,0.0025,0.6275,0.2575,0.0,0.005,-0.005,0.1264205031800308,0.9077824506101626
450,450,0.885,0.0,0.0025,0.6275,0.2575,0.0,0.0025,-0.0025,0.1306659860540197,0.9382678129558952
451,451,0.8875,0.0025,0.0025,0.63,0.2575,0.0,0.0,0.0,0.11700154989052974,0.859762436523631
452,452,0.8875,0.0,0.0025,0.63,0.2575,0.0,0.0025,-0.0025,0.12832613810313945,0.9429789030012959
453,453,0.885,0.0,0.0025,0.63,0.255,0.0,0.005,-0.005,0.13058454465217484,0.9376830100680081
454,454,0.8875,0.0025,0.0025,0.63,0.2575,0.0025,0.0025,0.9975,0.13240069213777994,0.9729199465844566
455,455,0.89,0.0025,0.0025,0.6325,0.2575,0.0,0.0,0.0,0.12334308038146374,0.9280031948079257
456,456,0.8925,0.0025,0.0025,0.635,0.2575,0.0,0.0,0.0,0.12813440051081396,0.9876063060441006
457,457,0.89,0.0,0.0025,0.635,0.255,0.0,0.005,-0.005,0.1235288341930897,0.9294007610929861
458,458,0.8925,0.0,0.0025,0.635,0.2575,0.0025,0.0025,0.9975,0.12771040701948924,0.9843383417496986
459,459,0.895,0.0025,0.0025,0.6375,0.2575,0.0,0.0,0.0,0.12414215817697452,0.9807708006334259
460,460,0.895,0.0,0.0025,0.6375,0.2575,0.0,0.0025,-0.0025,0.1249237517688679,0.9869456906478111
461,461,0.8975,0.0025,0.0025,0.64,0.2575,0.0,0.0,0.0,0.11969023490655523,0.969830104907015
462,462,0.9,0.0025,0.0025,0.6425,0.2575,0.0,0.0,0.0,0.11127000352242775,0.9252841061284509
463,463,0.8975,0.0,0.0025,0.6425,0.255,0.0,0.005,-0.005,0.12116647674402885,0.9817918474603898
464,464,0.9,0.0025,0.0025,0.645,0.255,0.0,0.0,0.0,0.11906327040536556,0.9900903050439216
465,465,0.9025,0.0025,0.0025,0.6475,0.255,0.0,0.0,0.0,0.11645638228277906,0.9945015139004948
466,466,0.905,0.0025,0.0025,0.65,0.255,0.0,0.0,0.0,0.11362743971248092,0.9971728282956287
467,467,0.9075,0.0025,0.0025,0.6525,0.255,0.0,0.0,0.0,0.10920971173245293,0.9856198508614659
468,468,0.91,0.0025,0.0025,0.655,0.255,0.0,0.0,0.0,0.10517191986346675,0.9768821349033381
469,469,0.91,0.0,0.0025,0.655,0.255,0.0,0.0025,-0.0025,0.10710288180092452,0.9948177418821745
470,470,0.9125,0.0025,0.0025,0.6575,0.255,0.0,0.0,0.0,0.08830075635420588,0.8447981776823015
471,471,0.915,0.0025,0.0025,0.66,0.255,0.0,0.0,0.0,0.10015302484098144,0.9878049517702112
472,472,0.915,0.0,0.0025,0.66,0.255,0.0,0.0025,-0.0025,0.09877841903778688,0.974247274193487
473,473,0.9175,0.0025,0.0025,0.6625,0.255,0.0,0.0,0.0,0.0824049393724468,0.8386361878725073
474,474,0.9175,0.0,0.0025,0.6625,0.255,0.0,0.0025,-0.0025,0.09298291399261084,0.9462883793360769
475,475,0.9175,0.0,0.0025,0.665,0.2525,0.0,0.0025,-0.0025,0.09534213385430039,0.9702981919301745
476,476,0.9175,0.0,0.0025,0.665,0.2525,0.0,0.0025,-0.0025,0.07822632240257293,0.7961103461828996
477,477,0.9175,0.0,0.0025,0.665,0.2525,0.0,0.0025,-0.0025,0.07978113558354806,0.8119337010555188
478,478,0.92,0.0025,0.0025,0.6675,0.2525,0.0,0.0,0.0,0.08758589927039777,0.9206333590406302
479,479,0.9175,0.0,0.0025,0.665,0.2525,0.0,0.005,-0.005,0.09422087334512858,0.9588871084904573
480,480,0.915,0.0,0.0025,0.6625,0.2525,0.0,0.005,-0.005,0.09759801953313767,0.962605044938695
481,481,0.9175,0.0025,0.0025,0.665,0.2525,0.0,0.0,0.0,0.09690740247079489,0.9862279519121635
482,482,0.915,0.0025,0.0025,0.6625,0.2525,0.0,0.005,-0.005,0.09485641726387999,0.9355647403482235
483,483,0.9125,0.0025,0.0025,0.6625,0.25,0.0,0.005,-0.005,0.10198159399144818,0.9756866001862752
484,484,0.9125,0.0,0.0025,0.6625,0.25,0.0,0.0025,-0.0025,0.0920634833490811,0.8807972454098246
485,485,0.91,0.0,0.0025,0.6625,0.2475,0.0,0.005,-0.005,0.1059981054527684,0.9845561028536344
486,486,0.9075,0.0,0.0025,0.6625,0.245,0.0,0.005,-0.005,0.11069409855728873,0.9990164718918337
487,487,0.91,0.0025,0.0025,0.665,0.245,0.0,0.0,0.0,0.10392530726382208,0.9653030596205135
488,488,0.9125,0.0025,0.0025,0.6675,0.245,0.0,0.0,0.0,0.10052721276268224,0.9617721258097678
489,489,0.9075,0.0,0.0025,0.665,0.2425,0.0,0.0075,-0.0075,0.09371402473768617,0.8457709632259585
490,490,0.91,0.0025,0.0025,0.6675,0.2425,0.0,0.0,0.0,0.10572884043035778,0.9820550532361247
491,491,0.9125,0.0025,0.0025,0.67,0.2425,0.0,0.0,0.0,0.10187115803011274,0.9746300282752427
492,492,0.9125,0.0,0.0025,0.67,0.2425,0.0025,0.005,0.995,0.1035168177106477,0.990374517412169
493,493,0.9125,0.0025,0.0025,0.67,0.2425,0.0,0.0025,-0.0025,0.1035776519477753,0.9909565356732576
494,494,0.9125,0.0,0.0025,0.67,0.2425,0.0025,0.005,0.995,0.0999343821774889,0.9561003488202628
495,495,0.9125,0.0,0.0025,0.67,0.2425,0.0,0.0025,-0.0025,0.09690480278624909,0.9271155104730504
496,496,0.9125,0.0,0.0025,0.67,0.2425,0.0,0.0025,-0.0025,0.08416749798747349,0.8052541320786724
497,497,0.915,0.0025,0.0025,0.6725,0.2425,0.0,0.0,0.0,0.09891120988674686,0.9755569845927557
498,498,0.9175,0.0025,0.0025,0.675,0.2425,0.0,0.0,0.0,0.09753225587506124,0.9925870934991095
499,499,0.92,0.0025,0.0025,0.6775,0.2425,0.0,0.0,0.0,0.09375241880762958,0.9854509112087579
500,500,0.9225,0.0025,0.0025,0.68,0.2425,0.0,0.0,0.0,0.08523064247555698,0.9262452098481974
501,501,0.925,0.0025,0.0025,0.6825,0.2425,0.0,0.0,0.0,0.08400074974254405,0.9448564589568007
502,502,0.925,0.0,0.0025,0.685,0.24,0.0,0.0025,-0.0025,0.08338005232820787,0.9378747360222935
503,503,0.925,0.0,0.0025,0.685,0.24,0.0,0.0025,-0.0025,0.07729058769557948,0.86937927607268
504,504,0.9275,0.0025,0.0025,0.6875,0.24,0.0,0.0,0.0,0.07794624312419915,0.9085258346178218
505,505,0.9275,0.0,0.0025,0.69,0.2375,0.0,0.0025,-0.0025,0.08289487870179549,0.966206142072683
506,506,0.925,0.0,0.0025,0.69,0.235,0.0,0.005,-0.005,0.06781412909580137,0.7627862618022111
507,507,0.9275,0.0025,0.0025,0.6925,0.235,0.0,0.0,0.0,0.08348802350770751,0.9731197194080495
508,508,0.9275,0.0,0.0025,0.6925,0.235,0.0,0.0025,-0.0025,0.07744495131884052,0.9026828775028158
509,509,0.9275,0.0,0.0025,0.6925,0.235,0.0,0.0025,-0.0025,0.08230469935318116,0.9593271295150196
510,510,0.9275,0.0,0.0025,0.6925,0.235,0.0,0.0025,-0.0025,0.06321867867736931,0.7368642862911934
511,511,0.925,0.0,0.0025,0.69,0.235,0.0,0.005,-0.005,0.07660482037897602,0.8616656344632875
512,512,0.9225,0.0,0.0025,0.69,0.2325,0.0,0.005,-0.005,0.08005866291635652,0.8700386490034157
513,513,0.925,0.0025,0.0025,0.6925,0.2325,0.0,0.0,0.0,0.07329612441195407,0.8244487909857388
514,514,0.9275,0.0025,0.0025,0.695,0.2325,0.0,0.0,0.0,0.07745347793402929,0.9027822620256657
515,515,0.93,0.0025,0.0025,0.6975,0.2325,0.0025,0.0025,0.9975,0.07694169347354625,0.9304773358432357
516,516,0.9275,0.0,0.0025,0.695,0.2325,0.0,0.005,-0.005,0.08168734812066432,0.9521314069080814
517,517,0.93,0.0025,0.0025,0.6975,0.2325,0.0,0.0,0.0,0.07899993099413202,0.9553681756236947
518,518,0.93,0.0,0.0025,0.6975,0.2325,0.0,0.0025,-0.0025,0.068780518166825,0.8317819690801105
519,519,0.93,0.0,0.0025,0.6975,0.2325,0.0,0.0025,-0.0025,0.08216382793284341,0.9936300627944898
520,520,0.93,0.0,0.0025,0.6975,0.2325,0.0,0.0025,-0.0025,0.07999482850594754,0.9673997484217309
521,521,0.9325,0.0025,0.0025,0.7,0.2325,0.0,0.0,0.0,0.0768132631658154,0.9650820855988873
522,522,0.925,0.0,0.0025,0.6925,0.2325,0.0,0.01,-0.01,0.08160743632973526,0.9179360130877918
523,523,0.925,0.0025,0.0025,0.6925,0.2325,0.0,0.0025,-0.0025,0.08060928629890052,0.9067086311116463
524,524,0.925,0.0025,0.0025,0.6925,0.2325,0.0,0.0025,-0.0025,0.08869535674400864,0.997662294156996
525,525,0.925,0.0,0.0025,0.6925,0.2325,0.0,0.0025,-0.0025,0.08246124148229401,0.9275397763346471
526,526,0.9275,0.0025,0.0025,0.695,0.2325,0.0,0.0,0.0,0.07319325350438075,0.8531259373527958
527,527,0.9275,0.0,0.0025,0.695,0.2325,0.0,0.0025,-0.0025,0.08403882517211633,0.979539753547072
528,528,0.93,0.0025,0.0025,0.6975,0.2325,0.0,0.0,0.0,0.07530862634957783,0.9107282001254762
529,529,0.93,0.0025,0.0025,0.6975,0.2325,0.0,0.0025,-0.0025,0.08162474537806842,0.9871107872662089
530,530,0.9275,0.0,0.0025,0.695,0.2325,0.0,0.005,-0.005,0.08267470387621172,0.9636398283010673
531,531,0.9275,0.0,0.0025,0.6975,0.23,0.0,0.0025,-0.0025,0.07442336710315525,0.8674638956585039
532,532,0.9275,0.0,0.0025,0.6975,0.23,0.0,0.0025,-0.0025,0.08554782441171221,0.9971283471551953
533,533,0.9275,0.0,0.0025,0.6975,0.23,0.0,0.0025,-0.0025,0.08237657582095456,0.9601649072610127
534,534,0.9275,0.0,0.0025,0.6975,0.23,0.0,0.0025,-0.0025,0.08037316500994654,0.9368135511699537
535,535,0.9275,0.0,0.0025,0.6975,0.23,0.0,0.0025,-0.0025,0.0783294326454424,0.9129922151084069
536,536,0.9275,0.0,0.0025,0.6975,0.23,0.0,0.0025,-0.0025,0.07359305878671454,0.8577859878344868
537,537,0.9275,0.0,0.0025,0.6975,0.23,0.0,0.0025,-0.0025,0.08140459156845463,0.9488356530360104
538,538,0.92,0.0,0.0025,0.69,0.23,0.0,0.01,-0.01,0.09093248832431888,0.9558100432752499
539,539,0.9225,0.0025,0.0025,0.6925,0.23,0.0,0.0,0.0,0.08741173512417558,0.9499482649858781
540,540,0.9225,0.0025,0.0025,0.6925,0.23,0.0,0.0025,-0.0025,0.08873067567096905,0.964281869990585
541,541,0.925,0.0025,0.0025,0.695,0.23,0.0,0.0,0.0,0.07843526577639984,0.8822548335100157
542,542,0.9225,0.0,0.0025,0.695,0.2275,0.0,0.005,-0.005,0.08672748955594647,0.9425122166173138
543,543,0.925,0.0025,0.0025,0.6975,0.2275,0.0,0.0,0.0,0.08873427465098238,0.998100050199483
544,544,0.925,0.0025,0.0025,0.6975,0.2275,0.0,0.0025,-0.0025,0.08305254785221308,0.9341909031942608
545,545,0.9275,0.0025,0.0025,0.7,0.2275,0.0,0.0,0.0,0.08299714861325586,0.9673981797250654
546,546,0.9225,0.0,0.0025,0.695,0.2275,0.0,0.0075,-0.0075,0.08742891837903136,0.9501350042505073
547,547,0.9225,0.0,0.0025,0.695,0.2275,0.0,0.0025,-0.0025,0.08861988731045342,0.9630778759192745
548,548,0.925,0.0025,0.0025,0.6975,0.2275,0.0,0.0,0.0,0.08235411258575341,0.9263347700680657
549,549,0.925,0.0,0.0025,0.6975,0.2275,0.0,0.0025,-0.0025,0.08492482362101608,0.9552506182387547
550,550,0.925,0.0,0.0025,0.6975,0.2275,0.0,0.0025,-0.0025,0.08174148420199508,0.9194438091289259
551,551,0.9275,0.0025,0.0025,0.7,0.2275,0.0,0.0,0.0,0.08009821812617396,0.9336088252326558
552,552,0.925,0.0,0.0025,0.7,0.225,0.0,0.005,-0.005,0.08638647575356133,0.9716915602829171
553,553,0.925,0.0,0.0025,0.7,0.225,0.0,0.0025,-0.0025,0.0840344036294497,0.9452350042972799
554,554,0.9275,0.0025,0.0025,0.7025,0.225,0.0,0.0,0.0,0.08555767576163952,0.9972431725214487
555,555,0.93,0.0025,0.0025,0.705,0.225,0.0,0.0,0.0,0.05844605152223805,0.7068043846691023
556,556,0.9275,0.0,0.0025,0.7025,0.225,0.0,0.005,-0.005,0.08167755979349532,0.9520173161225056
557,557,0.93,0.0025,0.0025,0.705,0.225,0.0,0.0,0.0,0.07722740853614429,0.9339325676980934
558,558,0.93,0.0,0.0025,0.705,0.225,0.0,0.0025,-0.0025,0.0697836716103688,0.843913383160716
559,559,0.935,0.0025,0.0025,0.7075,0.2275,0.0025,0.0,1.0,0.07578293551677097,0.9906252648090391
560,560,0.94,0.0025,0.0025,0.71,0.23,0.0025,0.0,1.0,0.06309659138469668,0.8971066704167995
561,561,0.9375,0.0,0.0025,0.7075,0.23,0.0,0.005,-0.005,0.05858631856154318,0.7980299504793947
562,562,0.94,0.0025,0.0025,0.71,0.23,0.0,0.0,0.0,0.06705786361511279,0.95342799718351
563,563,0.94,0.0,0.0025,0.71,0.23,0.0,0.0025,-0.0025,0.056997101150419685,0.8103841826369101
564,564,0.9375,0.0,0.0025,0.7075,0.23,0.0,0.005,-0.005,0.06567922423860872,0.8946455307923582
565,565,0.935,0.0025,0.0025,0.71,0.225,0.0,0.005,-0.005,0.07169214569618867,0.9371509605786938
566,566,0.94,0.0,0.0025,0.7125,0.2275,0.005,0.0025,1.9975,0.06407556350242803,0.9110256856551069
567,567,0.9425,0.0025,0.0025,0.715,0.2275,0.0,0.0,0.0,0.06394236351088231,0.9506801994807295
568,568,0.9425,0.0,0.0025,0.715,0.2275,0.0,0.0025,-0.0025,0.058000330066251625,0.8623354272468837
569,569,0.945,0.0025,0.0025,0.7175,0.2275,0.0,0.0,0.0,0.058583344912843484,0.9126207548314906
570,570,0.945,0.0,0.0025,0.7175,0.2275,0.0,0.0025,-0.0025,0.04291784539514542,0.66858108765435
571,571,0.945,0.0,0.0025,0.7175,0.2275,0.0,0.0025,-0.0025,0.06332800139267718,0.9865337754089935
572,572,0.9475,0.0025,0.0025,0.72,0.2275,0.0,0.0,0.0,0.059393492164461284,0.9715576889228024
573,573,0.945,0.0,0.0025,0.72,0.225,0.0,0.005,-0.005,0.06002079702276968,0.9350136146374072
574,574,0.945,0.0,0.0025,0.7225,0.2225,0.0,0.0025,-0.0025,0.06212522542849865,0.967796738287695
575,575,0.9475,0.0,0.0025,0.7225,0.225,0.0025,0.0025,0.9975,0.06016123053081231,0.9841163394706427
576,576,0.945,0.0,0.0025,0.7225,0.2225,0.0,0.005,-0.005,0.059856287481704934,0.9324508585884508
577,577,0.9475,0.0025,0.0025,0.725,0.2225,0.0,0.0,0.0,0.058134599266342235,0.950964741276095
578,578,0.9475,0.0,0.0025,0.725,0.2225,0.0,0.0025,-0.0025,0.05568720789626302,0.9109303567543082
579,579,0.9475,0.0,0.0025,0.725,0.2225,0.0,0.0025,-0.0025,0.0542133232024013,0.886820577134988
580,580,0.9475,0.0,0.0025,0.725,0.2225,0.0,0.0025,-0.0025,0.057762851961030794,0.9448837054647712
581,581,0.9425,0.0,0.0025,0.72,0.2225,0.0,0.0075,-0.0075,0.06641360104896682,0.9874219848429583
582,582,0.9425,0.0025,0.0025,0.72,0.2225,0.0,0.0025,-0.0025,0.058747217306089915,0.8734399731405967
583,583,0.94,0.0,0.0025,0.7175,0.2225,0.0,0.005,-0.005,0.05972572403766586,0.849179714051214
584,584,0.9425,0.0025,0.0025,0.72,0.2225,0.0,0.0,0.0,0.06464719620352163,0.9611594881408188
585,585,0.9425,0.0025,0.0025,0.72,0.2225,0.0,0.0025,-0.0025,0.0657827569343379,0.9780427411646321
586,586,0.945,0.0025,0.0025,0.7225,0.2225,0.0,0.0,0.0,0.0525822591033983,0.8191348763898907
587,587,0.945,0.0,0.0025,0.7225,0.2225,0.0,0.0025,-0.0025,0.06344521659517134,0.9883597726567964
588,588,0.945,0.0,0.0025,0.7225,0.2225,0.0,0.0025,-0.0025,0.06374574666146314,0.9930414782909971
589,589,0.945,0.0,0.0025,0.7225,0.2225,0.0,0.0025,-0.0025,0.061638652272126136,0.9602168235199386
590,590,0.9475,0.0025,0.0025,0.725,0.2225,0.0,0.0,0.0,0.04859436219317208,0.7949057128404682
591,591,0.95,0.0,0.0025,0.7275,0.2225,0.0025,0.0025,0.9975,0.05583978423164211,0.9614400900780883
592,592,0.9525,0.0025,0.0025,0.73,0.2225,0.0,0.0,0.0,0.053385895604579965,0.9700525087910342
593,593,0.955,0.0025,0.0025,0.7325,0.2225,0.0,0.0,0.0,0.05197121127546216,0.9995089788793131
594,594,0.9575,0.0025,0.0025,0.735,0.2225,0.0,0.0,0.0,0.045111919082622215,0.9212551453329303
595,595,0.9525,0.0,0.0025,0.73,0.2225,0.0,0.0075,-0.0075,0.0514067230175886,0.9340898015703522
596,596,0.945,0.0,0.0025,0.7275,0.2175,0.0,0.01,-0.01,0.05916422135788955,0.9216697413741752
597,597,0.9475,0.0025,0.0025,0.73,0.2175,0.0,0.0,0.0,0.05661069062954776,0.9260366708876113
598,598,0.95,0.0025,0.0025,0.7325,0.2175,0.0,0.0,0.0,0.05097609142226624,0.8776978386152199
599,599,0.955,0.0025,0.0025,0.735,0.22,0.0025,0.0,1.0,0.051185800042325494,0.9844039705416795
600,600,0.95,0.0,0.0025,0.7325,0.2175,0.0,0.0075,-0.0075,0.058032411491589844,0.9991923804803363
601,601,0.95,0.0,0.0025,0.735,0.215,0.0,0.0025,-0.0025,0.052091348221735834,0.8969001441487474
602,602,0.9525,0.0025,0.0025,0.7375,0.215,0.0,0.0,0.0,0.05457400302505528,0.9916411057583285
603,603,0.9525,0.0,0.0025,0.7375,0.215,0.0,0.0025,-0.0025,0.05405915518428753,0.9822860235980218
604,604,0.95,0.0,0.0025,0.735,0.215,0.0,0.005,-0.005,0.0534630339478251,0.9205176001650404
605,605,0.945,0.0025,0.0025,0.7325,0.2125,0.0,0.0075,-0.0075,0.061437399392219136,0.9570816738379601
606,606,0.9475,0.0025,0.0025,0.735,0.2125,0.0,0.0,0.0,0.061081587240553056,0.9991715181663882
607,607,0.9475,0.0025,0.0025,0.7375,0.21,0.0,0.0025,-0.0025,0.05502686405590262,0.9001284639533517
608,608,0.9475,0.0025,0.0025,0.7375,0.21,0.0,0.0025,-0.0025,0.05931321489914974,0.9702445148440133
609,609,0.95,0.0,0.0025,0.7375,0.2125,0.0025,0.0025,0.9975,0.05806546957689159,0.9997615690785312
610,610,0.945,0.0,0.0025,0.7375,0.2075,0.0,0.0075,-0.0075,0.06056736342641998,0.9435281138454494
611,611,0.945,0.0,0.0025,0.7375,0.2075,0.0,0.0025,-0.0025,0.06045879097603193,0.9418367547778772
612,612,0.945,0.0,0.0025,0.74,0.205,0.0,0.0025,-0.0025,0.05613526126876076,0.8744841146912381
613,613,0.9475,0.0025,0.0025,0.7425,0.205,0.0,0.0,0.0,0.0579554629791576,0.9480344330750317
614,614,0.945,0.0,0.0025,0.7425,0.2025,0.0025,0.0075,0.9925,0.06358840999791301,0.9905904624798411
615,615,0.9475,0.0025,0.0025,0.745,0.2025,0.0,0.0,0.0,0.048474814564207415,0.7929501548511939
616,616,0.9475,0.0025,0.0025,0.745,0.2025,0.0,0.0025,-0.0025,0.06106665593780286,0.9989272721814505
617,617,0.95,0.0025,0.0025,0.7475,0.2025,0.0,0.0,0.0,0.0562455265438461,0.9684260935263761
618,618,0.9475,0.0,0.0025,0.745,0.2025,0.0,0.005,-0.005,0.05527820257107702,0.9042398549162531
619,619,0.95,0.0025,0.0025,0.7475,0.2025,0.0,0.0,0.0,0.05644538715275948,0.9718672601512257
620,620,0.95,0.0,0.0025,0.7475,0.2025,0.0,0.0025,-0.0025,0.054442552465676704,0.937382786608629
621,621,0.9525,0.0025,0.0025,0.75,0.2025,0.0,0.0,0.0,0.054002338650051745,0.9812536344069803
622,622,0.9525,0.0,0.0025,0.75,0.2025,0.0,0.0025,-0.0025,0.0477551905798633,0.8677393514742523
623,623,0.9525,0.0,0.0025,0.75,0.2025,0.0,0.0025,-0.0025,0.05487478950999576,0.99710656964205
624,624,0.9525,0.0,0.0025,0.75,0.2025,0.0,0.0025,-0.0025,0.046494360066116326,0.8448293339655153
625,625,0.955,0.0025,0.0025,0.7525,0.2025,0.0,0.0,0.0,0.050991060578521534,0.9806587462562086
626,626,0.9575,0.0025,0.0025,0.755,0.2025,0.0,0.0,0.0,0.048245867846623665,0.9852552251955999
627,627,0.955,0.0,0.0025,0.7525,0.2025,0.0,0.005,-0.005,0.048772317640066565,0.9379879399696931
628,628,0.9575,0.0025,0.0025,0.755,0.2025,0.0,0.0,0.0,0.04455899651738309,0.9099636115530375
629,629,0.96,0.0025,0.0025,0.7575,0.2025,0.0,0.0,0.0,0.04465701994381274,0.9719048466803109
630,630,0.9575,0.0,0.0025,0.755,0.2025,0.0,0.005,-0.005,0.04842195331503927,0.9888511627459209
631,631,0.96,0.0025,0.0025,0.7575,0.2025,0.0,0.0,0.0,0.04052015321813676,0.8818710552223553
632,632,0.96,0.0,0.0025,0.7575,0.2025,0.0,0.0025,-0.0025,0.04574080728267076,0.9954921386387121
633,633,0.9625,0.0025,0.0025,0.76,0.2025,0.0,0.0,0.0,0.03939352572311374,0.9174639769736341
634,634,0.965,0.0025,0.0025,0.7625,0.2025,0.0,0.0,0.0,0.03596038909359612,0.90042995833898
635,635,0.9675,0.0025,0.0025,0.765,0.2025,0.0,0.0,0.0,0.03616428892998765,0.9788122629576659
636,636,0.965,0.0,0.0025,0.7625,0.2025,0.0,0.005,-0.005,0.032591672753684055,0.8160790046908439
637,637,0.965,0.0025,0.0025,0.7625,0.2025,0.0,0.0025,-0.0025,0.038854240773665644,0.97289054103574
638,638,0.9675,0.0025,0.0025,0.765,0.2025,0.0,0.0,0.0,0.035827529207088114,0.9696976209669875
639,639,0.965,0.0,0.0025,0.7625,0.2025,0.0,0.005,-0.005,0.03934611026955941,0.9852067044827787
640,640,0.9625,0.0025,0.0025,0.7625,0.2,0.0,0.005,-0.005,0.038144534377217015,0.8883753248061101
641,641,0.965,0.0025,0.0025,0.765,0.2,0.0,0.0,0.0,0.035453996621917526,0.887750146922314
642,642,0.9675,0.0025,0.0025,0.7675,0.2,0.0,0.0,0.0,0.03464196180206816,0.937609393908438
643,643,0.965,0.0,0.0025,0.765,0.2,0.0,0.005,-0.005,0.03991954398871515,0.9995651948346399
644,644,0.965,0.0,0.0025,0.765,0.2,0.0,0.0025,-0.0025,0.03802248804659712,0.9520638733533257
645,645,0.9625,0.0,0.0025,0.7625,0.2,0.0,0.005,-0.005,0.04216280607675623,0.9819597264646995
646,646,0.965,0.0025,0.0025,0.765,0.2,0.0,0.0,0.0,0.03644219083293969,0.912494030253097
647,647,0.96,0.0,0.0025,0.7675,0.1925,0.0,0.0075,-0.0075,0.044210099240814475,0.9621781699367148
648,648,0.9625,0.0025,0.0025,0.77,0.1925,0.0,0.0,0.0,0.038559276778961045,0.8980345570362533
649,649,0.9625,0.0,0.0025,0.77,0.1925,0.0,0.0025,-0.0025,0.04174081044738205,0.9721315686320546
650,650,0.965,0.0025,0.0025,0.7725,0.1925,0.0,0.0,0.0,0.0371395850057437,0.9299564276795917
651,651,0.9625,0.0,0.0025,0.7725,0.19,0.0,0.005,-0.005,0.04001145300238933,0.9318553270424105
652,652,0.965,0.0025,0.0025,0.775,0.19,0.0,0.0,0.0,0.035869260648987836,0.898148148168112
653,653,0.9675,0.0025,0.0025,0.7775,0.19,0.0,0.0,0.0,0.03644815489283654,0.9864952976223508
654,654,0.97,0.0025,0.0025,0.78,0.19,0.0,0.0,0.0,0.03189365362218049,0.9389099820166196
655,655,0.9725,0.0025,0.0025,0.7825,0.19,0.0,0.0,0.0,0.029811207642906633,0.961561887829213
656,656,0.9725,0.0,0.0025,0.7825,0.19,0.0,0.0025,-0.0025,0.02946091399299138,0.9502631498732803
657,657,0.9725,0.0,0.0025,0.7825,0.19,0.0,0.0025,-0.0025,0.030840934110104058,0.9947757628793792
658,658,0.97,0.0,0.0025,0.7825,0.1875,0.0,0.005,-0.005,0.032000478036892675,0.9420547615544083
659,659,0.9725,0.0025,0.0025,0.785,0.1875,0.0,0.0,0.0,0.03066105249660254,0.9889736730769073
660,660,0.9725,0.0,0.0025,0.785,0.1875,0.0,0.0025,-0.0025,0.029875337077743033,0.9636303857299138
661,661,0.975,0.0025,0.0025,0.7875,0.1875,0.0,0.0,0.0,0.02746907951358869,0.9792737154462545
662,662,0.9775,0.0025,0.0025,0.79,0.1875,0.0,0.0,0.0,0.02154754700872819,0.8580314236127347
663,663,0.9725,0.0,0.0025,0.785,0.1875,0.0,0.0075,-0.0075,0.030206862958307365,0.9743237684133065
664,664,0.9725,0.0,0.0025,0.785,0.1875,0.0,0.0025,-0.0025,0.02475062648660896,0.7983326074709456
665,665,0.975,0.0025,0.0025,0.7875,0.1875,0.0,0.0,0.0,0.027002496666833253,0.9626400194507387
666,666,0.9775,0.0025,0.0025,0.79,0.1875,0.0,0.0,0.0,0.024723012493760157,0.9844796531792565
667,667,0.975,0.0,0.0025,0.79,0.185,0.0,0.005,-0.005,0.02658104026029121,0.9476150827422158
668,668,0.975,0.0025,0.0025,0.79,0.185,0.0,0.0025,-0.0025,0.026126074862516106,0.9313955492387977
669,669,0.9775,0.0025,0.0025,0.7925,0.185,0.0,0.0,0.0,0.02503671636647498,0.9969714593411968
670,670,0.9775,0.0,0.0025,0.795,0.1825,0.0,0.0025,-0.0025,0.02286792951978377,0.9106095516574475
671,671,0.98,0.0025,0.0025,0.7975,0.1825,0.0,0.0,0.0,0.021790733202621895,0.9819454189746081
672,672,0.9825,0.0025,0.0025,0.8,0.1825,0.0,0.0,0.0,0.01883137043960786,0.9763127837316995
673,673,0.9825,0.0,0.0025,0.8,0.1825,0.0,0.0025,-0.0025,0.01901110673199559,0.9856312154688607
674,674,0.9825,0.0,0.0025,0.8,0.1825,0.0,0.0025,-0.0025,0.01753139304206317,0.9089154290964957
675,675,0.98,0.0,0.0025,0.8,0.18,0.0,0.005,-0.005,0.02143485343295306,0.9659085786222145
676,676,0.9775,0.0025,0.0025,0.7975,0.18,0.0,0.005,-0.005,0.024841715059773013,0.989206433989213
677,677,0.98,0.0,0.0025,0.7975,0.1825,0.0025,0.0025,0.9975,0.02026426510119129,0.9131589148458576
678,678,0.9825,0.0025,0.0025,0.8,0.1825,0.0,0.0,0.0,0.018256084784614757,0.9464870872393244
679,679,0.9825,0.0,0.0025,0.7975,0.185,0.0025,0.005,0.995,0.019098558180281902,0.9901651375852351
680,680,0.98,0.0,0.0025,0.795,0.185,0.0,0.005,-0.005,0.01946102423670136,0.876962854810384
681,681,0.975,0.0,0.0025,0.79,0.185,0.0,0.0075,-0.0075,0.0275238318822067,0.9812256394420884
682,682,0.9775,0.0025,0.0025,0.7925,0.185,0.0,0.0,0.0,0.023348788045971784,0.9297575189696569
683,683,0.9775,0.0,0.0025,0.7925,0.185,0.0,0.0025,-0.0025,0.0241637815310324,0.9622108659765531
684,684,0.98,0.0025,0.0025,0.795,0.185,0.0,0.0,0.0,0.021387256620158834,0.9637637461447346
685,685,0.9825,0.0025,0.0025,0.7975,0.185,0.0,0.0,0.0,0.01775392702295057,0.9204527078650184
686,686,0.985,0.0025,0.0025,0.8,0.185,0.0,0.0,0.0,0.013260546484625433,0.8082814292021384
687,687,0.985,0.0,0.0025,0.8,0.185,0.0,0.0025,-0.0025,0.01592831421575648,0.9708921569725225
688,688,0.985,0.0,0.0025,0.8,0.185,0.0,0.0025,-0.0025,0.016300553326981757,0.9935815658271983
689,689,0.9825,0.0,0.0025,0.7975,0.185,0.0,0.005,-0.005,0.019155860408851026,0.9931359727917203
690,690,0.985,0.0025,0.0025,0.8,0.185,0.0,0.0,0.0,0.015924718115122766,0.9706729607755072
691,691,0.985,0.0,0.0025,0.8025,0.1825,0.0,0.0025,-0.0025,0.015217732190038673,0.9275794431278513
692,692,0.9875,0.0025,0.0025,0.805,0.1825,0.0,0.0,0.0,0.01215498206885448,0.8972135199779429
693,693,0.985,0.0,0.0025,0.805,0.18,0.0,0.005,-0.005,0.015931457987322532,0.971083781969082
694,694,0.9875,0.0025,0.0025,0.8075,0.18,0.0,0.0,0.0,0.01351447914693808,0.9975640718683142
695,695,0.9875,0.0,0.0025,0.8075,0.18,0.0,0.0025,-0.0025,0.011994446780131493,0.8853636932435296
696,696,0.99,0.0025,0.0025,0.81,0.18,0.0,0.0,0.0,0.010403187966181247,0.9706517589605804
697,697,0.9875,0.0,0.0025,0.8075,0.18,0.0,0.005,-0.005,0.01338695487729714,0.9881509359048858
698,698,0.9825,0.0,0.0025,0.8025,0.18,0.0,0.0075,-0.0075,0.01764234695976902,0.914667837218291
699,699,0.9825,0.0,0.0025,0.8025,0.18,0.0,0.0025,-0.0025,0.019168428664331032,0.9937875742528931
700,700,0.98,0.0,0.0025,0.8025,0.1775,0.0,0.005,-0.005,0.021172987622452427,0.9541082444794315
701,701,0.9825,0.0025,0.0025,0.805,0.1775,0.0,0.0,0.0,0.01910951593877697,0.990733242797444
702,702,0.9825,0.0,0.0025,0.805,0.1775,0.0,0.0025,-0.0025,0.01791348524728248,0.9287250072531248
703,703,0.98,0.0,0.0025,0.805,0.175,0.0,0.005,-0.005,0.021563815708240654,0.9717199441353288
704,704,0.9825,0.0025,0.0025,0.8075,0.175,0.0,0.0,0.0,0.018122504323643318,0.939561605521388
705,705,0.985,0.0025,0.0025,0.81,0.175,0.0,0.0,0.0,0.014541986914927633,0.8863901635324283
706,706,0.985,0.0,0.0025,0.81,0.175,0.0,0.0025,-0.0025,0.01567057579185906,0.9551820064240778
707,707,0.985,0.0,0.0025,0.8125,0.1725,0.0,0.0025,-0.0025,0.016371553423185584,0.9979092954045317
708,708,0.9825,0.0,0.0025,0.81,0.1725,0.0,0.005,-0.005,0.01910244128585029,0.9903664572724641
709,709,0.9825,0.0025,0.0025,0.8125,0.17,0.0,0.0025,-0.0025,0.01790149484796441,0.9281033647564291
710,710,0.985,0.0025,0.0025,0.815,0.17,0.0,0.0,0.0,0.015085170110574635,0.9194992733421319
711,711,0.9875,0.0025,0.0025,0.8175,0.17,0.0,0.0,0.0,0.012384909350618818,0.91418547967662
712,712,0.99,0.0025,0.0025,0.82,0.17,0.0,0.0,0.0,0.010140069927948435,0.9461019779266147
713,713,0.99,0.0,0.0025,0.82,0.17,0.0,0.0025,-0.0025,0.010082174436040427,0.9407001375254724
714,714,0.985,0.0,0.0025,0.815,0.17,0.0,0.0075,-0.0075,0.016129826723678124,0.9831751211847334
715,715,0.98,0.0,0.0025,0.81,0.17,0.0,0.0075,-0.0075,0.022122490260288816,0.996895229059444
716,716,0.9825,0.0025,0.0025,0.8125,0.17,0.0,0.0,0.0,0.018921803838623918,0.9810013051443517
717,717,0.9825,0.0025,0.0025,0.8125,0.17,0.0,0.0025,-0.0025,0.017155886779548168,0.8894472992734204
718,718,0.985,0.0025,0.0025,0.815,0.17,0.0,0.0,0.0,0.01513591249277236,0.9225922171549266
719,719,0.9875,0.0025,0.0025,0.8175,0.17,0.0,0.0,0.0,0.013242072106427735,0.9774564914293994
720,720,0.985,0.0,0.0025,0.815,0.17,0.0,0.005,-0.005,0.016059769572470625,0.9789048677400898
721,721,0.9825,0.0025,0.0025,0.8125,0.17,0.0,0.005,-0.005,0.017333200868573338,0.8986401518279484
722,722,0.9825,0.0025,0.0025,0.8125,0.17,0.0,0.0025,-0.0025,0.019138061102515168,0.9922131673924539
723,723,0.9775,0.0,0.0025,0.8075,0.17,0.0,0.0075,-0.0075,0.024428851650859066,0.9727660578125399
724,724,0.9775,0.0,0.0025,0.8075,0.17,0.0,0.0025,-0.0025,0.02354116068021691,0.9374178695960467
725,725,0.975,0.0025,0.0025,0.805,0.17,0.0,0.005,-0.005,0.022704402985473347,0.8094128184227892
726,726,0.9775,0.0025,0.0025,0.8075,0.17,0.0,0.0,0.0,0.023416955924230206,0.9324719895125468
727,727,0.98,0.0025,0.0025,0.81,0.17,0.0,0.0,0.0,0.02178463395787742,0.9816705716172313
728,728,0.9825,0.0025,0.0025,0.8125,0.17,0.0,0.0,0.0,0.019258700103300292,0.9984676988436226
729,729,0.985,0.0025,0.0025,0.815,0.17,0.0,0.0,0.0,0.014684045785512762,0.8950491993482235
730,730,0.985,0.0,0.0025,0.815,0.17,0.0,0.0025,-0.0025,0.015308895432440598,0.9331361941972558
731,731,0.985,0.0,0.0025,0.815,0.17,0.0,0.0025,-0.0025,0.015542534281562189,0.9473773827564221
732,732,0.9875,0.0025,0.0025,0.8175,0.17,0.0,0.0,0.0,0.011528021135541335,0.8509347330015375
733,733,0.985,0.0,0.0025,0.815,0.17,0.0,0.005,-0.005,0.01341068097051773,0.8174327049033511
734,734,0.985,0.0025,0.0025,0.815,0.17,0.0,0.0025,-0.0025,0.016032979179567343,0.9772718900125235
735,735,0.9825,0.0,0.0025,0.8125,0.17,0.0,0.005,-0.005,0.011896230845936169,0.6167603303412424
736,736,0.985,0.0025,0.0025,0.815,0.17,0.0,0.0,0.0,0.015166503687273515,0.9244568683924198
737,737,0.9875,0.0025,0.0025,0.8175,0.17,0.0,0.0,0.0,0.012783224469789089,0.9435868978035061
738,738,0.99,0.0025,0.0025,0.82,0.17,0.0,0.0,0.0,0.008707951715502812,0.8124806239273663
739,739,0.9925,0.0025,0.0025,0.8225,0.17,0.0,0.0,0.0,0.007132385732458756,0.9001554109927692
740,740,0.9925,0.0,0.0025,0.8225,0.17,0.0,0.0025,-0.0025,0.007666630534063968,0.9675807251861882
741,741,0.995,0.0025,0.0025,0.825,0.17,0.0,0.0,0.0,0.005000264584351709,0.9659874432523216
742,742,0.9975,0.0025,0.0025,0.8275,0.17,0.0,0.0,0.0,0.0019133679358273516,0.7653471743309407
743,743,0.995,0.0,0.0025,0.8275,0.1675,0.0,0.005,-0.005,0.005174086552976906,0.9995676341043842
744,744,0.9975,0.0025,0.0025,0.83,0.1675,0.0,0.0,0.0,0.002496537416952378,0.9986149667809512
745,745,1.0,0.0025,0.0025,0.8325,0.1675,0.0,0.0,0.0,0.0,0.9323145034533117
